Country,Quarter,Interest Rate (%),Bond Yield,Difference
AT,2000Q1,2.5,5.203666666666667,2.703666666666667
AT,2000Q2,3.25,5.331333333333333,2.0813333333333333
AT,2000Q3,3.5,5.432666666666666,1.932666666666666
AT,2000Q4,3.75,5.065,1.3150000000000004
AT,2001Q1,3.75,4.649,0.899
AT,2001Q2,3.5,4.844,1.3440000000000003
AT,2001Q3,3.0,4.465666666666667,1.4656666666666673
AT,2001Q4,2.25,4.196000000000001,1.9460000000000006
AT,2002Q1,2.25,4.895666666666666,2.645666666666666
AT,2002Q2,2.25,4.864333333333334,2.6143333333333336
AT,2002Q3,2.25,4.129,1.8789999999999996
AT,2002Q4,1.75,3.759,2.009
AT,2003Q1,1.5,3.238,1.738
AT,2003Q2,1.0,3.0033333333333334,2.0033333333333334
AT,2003Q3,1.0,3.2876666666666665,2.2876666666666665
AT,2003Q4,1.0,3.485666666666667,2.485666666666667
AT,2004Q1,1.0,3.375,2.375
AT,2004Q2,1.0,3.607333333333333,2.607333333333333
AT,2004Q3,1.0,3.375,2.375
AT,2004Q4,1.0,3.048,2.048
AT,2005Q1,1.0,3.0395,2.0395
AT,2005Q2,1.0,2.613,1.613
AT,2005Q3,1.0,2.593,1.593
AT,2005Q4,1.25,2.985666666666667,1.735666666666667
AT,2006Q1,1.5,3.369,1.8690000000000002
AT,2006Q2,1.75,3.743,1.9929999999999999
AT,2006Q3,2.0,3.6283333333333334,1.6283333333333334
AT,2006Q4,2.5,3.749333333333333,1.249333333333333
AT,2007Q1,2.75,4.019666666666667,1.2696666666666667
AT,2007Q2,3.0,4.386,1.3860000000000001
AT,2007Q3,3.0,4.285333333333333,1.285333333333333
AT,2007Q4,3.0,4.156333333333333,1.1563333333333334
AT,2008Q1,3.0,3.693333333333334,0.6933333333333338
AT,2008Q2,3.0,4.428999999999999,1.4289999999999994
AT,2008Q3,3.0,4.241,1.2409999999999997
AT,2008Q4,3.0,3.412333333333333,0.4123333333333332
AT,2009Q1,1.0,3.108,2.108
AT,2009Q2,0.25,3.0839999999999996,2.8339999999999996
AT,2009Q3,0.25,2.7716666666666665,2.5216666666666665
AT,2009Q4,0.25,2.7106666666666666,2.4606666666666666
AT,2010Q1,0.25,2.566666666666667,2.316666666666667
AT,2010Q2,0.25,2.1573333333333333,1.9073333333333333
AT,2010Q3,0.25,1.8676666666666664,1.6176666666666664
AT,2010Q4,0.25,2.2533333333333334,2.0033333333333334
AT,2011Q1,0.25,2.984,2.734
AT,2011Q2,0.5,2.885666666666667,2.385666666666667
AT,2011Q3,0.75,2.082333333333333,1.3323333333333331
AT,2011Q4,0.25,2.1603333333333334,1.9103333333333334
AT,2012Q1,0.25,1.8753333333333335,1.6253333333333335
AT,2012Q2,0.25,1.377,1.127
AT,2012Q3,0.0,0.7163333333333334,0.7163333333333334
AT,2012Q4,0.0,0.726,0.726
AT,2013Q1,0.0,0.8333333333333334,0.8333333333333334
AT,2013Q2,0.0,0.7593333333333333,0.7593333333333333
AT,2013Q3,0.0,0.94,0.94
AT,2013Q4,0.0,1.014,1.014
AT,2014Q1,0.0,0.8016666666666666,0.8016666666666666
AT,2014Q2,-0.1,0.5710000000000001,0.671
AT,2014Q3,-0.2,0.3126666666666666,0.5126666666666666
AT,2014Q4,-0.2,0.1873333333333333,0.3873333333333333
AT,2015Q1,-0.2,-0.0153333333333333,0.1846666666666667
AT,2015Q2,-0.2,0.158,0.358
AT,2015Q3,-0.2,0.1183333333333333,0.3183333333333333
AT,2015Q4,-0.3,-0.0503333333333333,0.2496666666666667
AT,2016Q1,-0.4,-0.2856666666666667,0.11433333333333334
AT,2016Q2,-0.4,-0.3243333333333333,0.07566666666666672
AT,2016Q3,-0.4,-0.4583333333333333,-0.05833333333333329
AT,2016Q4,-0.4,-0.3356666666666667,0.0643333333333333
AT,2017Q1,-0.4,-0.3353333333333333,0.0646666666666667
AT,2017Q2,-0.4,-0.2066666666666666,0.1933333333333334
AT,2017Q3,-0.4,-0.2093333333333333,0.19066666666666673
AT,2017Q4,-0.4,-0.1956666666666666,0.20433333333333342
AT,2018Q1,-0.4,0.1393333333333333,0.5393333333333333
AT,2018Q2,-0.4,-0.0076666666666666,0.3923333333333334
AT,2018Q3,-0.4,-0.0249999999999999,0.3750000000000001
AT,2018Q4,-0.4,-0.1183333333333333,0.28166666666666673
AT,2019Q1,-0.4,-0.174,0.22600000000000003
AT,2019Q2,-0.4,-0.342,0.057999999999999996
AT,2019Q3,-0.5,-0.6306666666666666,-0.1306666666666666
AT,2019Q4,-0.5,-0.407,0.09300000000000003
AT,2020Q1,-0.5,-0.478,0.02200000000000002
AT,2020Q2,-0.5,-0.4456666666666666,0.0543333333333334
AT,2020Q3,-0.5,-0.5826666666666667,-0.08266666666666667
AT,2020Q4,-0.5,-0.691,-0.19099999999999995
AT,2021Q1,-0.5,-0.5143333333333333,-0.014333333333333309
AT,2021Q2,-0.5,-0.4066666666666667,0.09333333333333332
AT,2021Q3,-0.5,-0.5516666666666666,-0.05166666666666664
AT,2021Q4,-0.5,-0.3813333333333333,0.1186666666666667
AT,2022Q1,-0.5,0.142,0.642
AT,2022Q2,-0.5,1.108,1.608
AT,2022Q3,0.75,1.5883333333333332,0.8383333333333332
AT,2022Q4,2.0,2.515,0.5150000000000001
AT,2023Q1,3.0,2.8190000000000004,-0.1809999999999996
AT,2023Q2,3.5,2.792,-0.7080000000000002
AT,2023Q3,4.0,3.0340000000000003,-0.9659999999999997
AT,2023Q4,4.0,2.7543333333333333,-1.2456666666666667
AT,2024Q1,4.0,2.606666666666667,-1.393333333333333
AT,2024Q2,3.75,2.959333333333334,-0.7906666666666662
AT,2024Q3,3.5,2.4696666666666665,-1.0303333333333335
AT,2024Q4,3.25,2.528,-0.722
AU,2000Q1,5.5,6.683333333333334,1.1833333333333336
AU,2000Q2,6.0,6.246666666666667,0.24666666666666703
AU,2000Q3,6.25,6.253333333333334,0.0033333333333338544
AU,2000Q4,6.25,5.73,-0.5199999999999996
AU,2001Q1,5.5,4.963333333333334,-0.5366666666666662
AU,2001Q2,5.0,5.596666666666667,0.5966666666666667
AU,2001Q3,4.75,5.3133333333333335,0.5633333333333335
AU,2001Q4,4.25,5.053333333333334,0.8033333333333337
AU,2002Q1,4.25,5.793333333333333,1.543333333333333
AU,2002Q2,4.75,5.8566666666666665,1.1066666666666665
AU,2002Q3,4.75,5.38,0.6299999999999999
AU,2002Q4,4.75,5.07,0.3200000000000003
AU,2003Q1,4.75,4.773333333333333,0.023333333333333428
AU,2003Q2,4.75,4.743333333333333,-0.006666666666666821
AU,2003Q3,4.75,5.183333333333334,0.43333333333333357
AU,2003Q4,5.25,5.706666666666667,0.456666666666667
AU,2004Q1,5.25,5.516666666666667,0.2666666666666666
AU,2004Q2,5.25,5.580000000000001,0.33000000000000096
AU,2004Q3,5.25,5.478333333333333,0.2283333333333326
AU,2004Q4,5.25,5.223333333333334,-0.026666666666666394
AU,2005Q1,5.5,5.505,0.004999999999999893
AU,2005Q2,5.5,5.201666666666667,-0.2983333333333329
AU,2005Q3,5.5,5.19,-0.3099999999999996
AU,2005Q4,5.5,5.3,-0.20000000000000018
AU,2006Q1,5.5,5.315,-0.1849999999999996
AU,2006Q2,5.75,5.766666666666667,0.016666666666666607
AU,2006Q3,6.0,5.8,-0.20000000000000018
AU,2006Q4,6.25,5.923333333333333,-0.3266666666666671
AU,2007Q1,6.25,6.004,-0.24600000000000044
AU,2007Q2,6.25,6.2026666666666666,-0.04733333333333345
AU,2007Q3,6.5,6.277666666666666,-0.22233333333333416
AU,2007Q4,6.75,6.525666666666666,-0.22433333333333394
AU,2008Q1,7.2498,6.419999999999999,-0.8298000000000005
AU,2008Q2,7.25,6.509,-0.7409999999999997
AU,2008Q3,7.0,5.691,-1.3090000000000002
AU,2008Q4,4.25,4.0183333333333335,-0.23166666666666647
AU,2009Q1,3.25,3.535,0.28500000000000014
AU,2009Q2,3.0,4.658333333333333,1.6583333333333332
AU,2009Q3,3.0,5.326,2.3259999999999996
AU,2009Q4,3.75,5.155666666666666,1.405666666666666
AU,2010Q1,4.0,5.221,1.221
AU,2010Q2,4.5,5.0760000000000005,0.5760000000000005
AU,2010Q3,4.5,4.677666666666667,0.17766666666666708
AU,2010Q4,4.75,5.139333333333333,0.3893333333333331
AU,2011Q1,4.75,5.190666666666666,0.4406666666666661
AU,2011Q2,4.75,5.050999999999999,0.30099999999999927
AU,2011Q3,4.75,4.088666666666667,-0.6613333333333333
AU,2011Q4,4.25,3.5653333333333332,-0.6846666666666668
AU,2012Q1,4.25,3.533,-0.7170000000000001
AU,2012Q2,3.5,2.676666666666667,-0.8233333333333328
AU,2012Q3,3.5,2.6293333333333333,-0.8706666666666667
AU,2012Q4,3.0,2.7716666666666665,-0.2283333333333335
AU,2013Q1,3.0,2.981,-0.019000000000000128
AU,2013Q2,2.75,2.8653333333333335,0.11533333333333351
AU,2013Q3,2.5,3.0913333333333335,0.5913333333333335
AU,2013Q4,2.5,3.4723333333333333,0.9723333333333333
AU,2014Q1,2.5,3.374333333333334,0.8743333333333339
AU,2014Q2,2.5,3.139,0.6389999999999998
AU,2014Q3,2.5,2.9456666666666664,0.44566666666666643
AU,2014Q4,2.5,2.5846666666666667,0.08466666666666667
AU,2015Q1,2.25,1.9763333333333335,-0.2736666666666665
AU,2015Q2,2.0,2.217333333333333,0.21733333333333293
AU,2015Q3,2.0,2.1283333333333334,0.1283333333333334
AU,2015Q4,2.0,2.2390000000000003,0.23900000000000032
AU,2016Q1,2.0,2.076,0.07600000000000007
AU,2016Q2,1.75,1.8623333333333332,0.11233333333333317
AU,2016Q3,1.5,1.6276666666666666,0.1276666666666666
AU,2016Q4,1.5,2.192,0.6920000000000002
AU,2017Q1,1.5,2.2616666666666667,0.7616666666666667
AU,2017Q2,1.5,2.0796666666666668,0.5796666666666668
AU,2017Q3,1.5,2.266,0.766
AU,2017Q4,1.5,2.2333333333333334,0.7333333333333334
AU,2018Q1,1.5,2.3683333333333336,0.8683333333333336
AU,2018Q2,1.5,2.3436666666666666,0.8436666666666666
AU,2018Q3,1.5,2.2236666666666665,0.7236666666666665
AU,2018Q4,1.5,2.0976666666666666,0.5976666666666666
AU,2019Q1,1.5,1.6976666666666669,0.19766666666666688
AU,2019Q2,1.25,1.1926666666666663,-0.05733333333333368
AU,2019Q3,1.0,0.7506666666666666,-0.2493333333333334
AU,2019Q4,0.75,0.8373333333333334,0.08733333333333337
AU,2020Q1,0.25,0.5713333333333334,0.32133333333333336
AU,2020Q2,0.25,0.4123333333333334,0.16233333333333338
AU,2020Q3,0.25,0.3996666666666666,0.14966666666666661
AU,2020Q4,0.1,0.3076666666666667,0.2076666666666667
AU,2021Q1,0.1,0.654,0.554
AU,2021Q2,0.1,0.7903333333333333,0.6903333333333334
AU,2021Q3,0.1,0.6616666666666666,0.5616666666666666
AU,2021Q4,0.1,1.4166666666666667,1.3166666666666667
AU,2022Q1,0.1,2.0306666666666664,1.9306666666666663
AU,2022Q2,0.85,3.1823333333333337,2.3323333333333336
AU,2022Q3,2.35,3.330333333333334,0.9803333333333337
AU,2022Q4,3.1,3.478666666666667,0.3786666666666667
AU,2023Q1,3.6,3.3096666666666668,-0.29033333333333333
AU,2023Q2,4.1,3.4943333333333335,-0.6056666666666661
AU,2023Q3,4.1,3.938333333333333,-0.16166666666666663
AU,2023Q4,4.35,4.069999999999999,-0.28000000000000025
AU,2024Q1,4.35,3.715666666666667,-0.6343333333333327
AU,2024Q2,4.35,4.099333333333333,-0.2506666666666666
AU,2024Q3,4.35,3.670666666666667,-0.6793333333333327
BE,2000Q1,2.5,5.22,2.7199999999999998
BE,2000Q2,3.25,5.278,2.0279999999999996
BE,2000Q3,3.5,5.412,1.912
BE,2000Q4,3.75,5.070333333333333,1.3203333333333331
BE,2001Q1,3.75,4.644333333333333,0.894333333333333
BE,2001Q2,3.5,4.863666666666667,1.363666666666667
BE,2001Q3,3.0,4.471333333333333,1.471333333333333
BE,2001Q4,2.25,4.2090000000000005,1.9590000000000005
BE,2002Q1,2.25,4.730333333333333,2.4803333333333333
BE,2002Q2,2.25,4.7700000000000005,2.5200000000000005
BE,2002Q3,2.25,4.037333333333334,1.7873333333333337
BE,2002Q4,1.75,3.668333333333333,1.918333333333333
BE,2003Q1,1.5,3.2016666666666667,1.7016666666666667
BE,2003Q2,1.0,3.0873333333333335,2.0873333333333335
BE,2003Q3,1.0,3.4299999999999997,2.4299999999999997
BE,2003Q4,1.0,3.662333333333333,2.662333333333333
BE,2004Q1,1.0,3.222,2.222
BE,2004Q2,1.0,3.4766666666666666,2.4766666666666666
BE,2004Q3,1.0,3.371,2.371
BE,2004Q4,1.0,3.006,2.006
BE,2005Q1,1.0,3.0853333333333333,2.0853333333333333
BE,2005Q2,1.0,2.685333333333334,1.6853333333333338
BE,2005Q3,1.0,2.643,1.6429999999999998
BE,2005Q4,1.25,3.0283333333333338,1.7783333333333338
BE,2006Q1,1.5,3.3816666666666664,1.8816666666666664
BE,2006Q2,1.75,3.767666666666667,2.017666666666667
BE,2006Q3,2.0,3.655,1.6549999999999998
BE,2006Q4,2.5,3.7803333333333335,1.2803333333333335
BE,2007Q1,2.75,3.9933333333333336,1.2433333333333336
BE,2007Q2,3.0,4.399,1.399
BE,2007Q3,3.0,4.298333333333333,1.298333333333333
BE,2007Q4,3.0,4.181333333333334,1.1813333333333338
BE,2008Q1,3.0,3.7626666666666666,0.7626666666666666
BE,2008Q2,3.0,4.509333333333333,1.5093333333333332
BE,2008Q3,3.0,4.368,1.3680000000000003
BE,2008Q4,3.0,3.496,0.496
BE,2009Q1,1.0,3.2373333333333334,2.2373333333333334
BE,2009Q2,0.25,3.209666666666667,2.959666666666667
BE,2009Q3,0.25,2.6140000000000003,2.3640000000000003
BE,2009Q4,0.25,2.4676666666666667,2.2176666666666667
BE,2010Q1,0.25,2.4943333333333335,2.2443333333333335
BE,2010Q2,0.25,2.219333333333333,1.9693333333333332
BE,2010Q3,0.25,2.0113333333333334,1.7613333333333334
BE,2010Q4,0.25,2.753,2.503
BE,2011Q1,0.25,3.589,3.339
BE,2011Q2,0.5,3.4250000000000003,2.9250000000000003
BE,2011Q3,0.75,3.158333333333333,2.408333333333333
BE,2011Q4,0.25,3.627,3.377
BE,2012Q1,0.25,2.564,2.314
BE,2012Q2,0.25,2.1896666666666667,1.9396666666666667
BE,2012Q3,0.0,1.340666666666667,1.340666666666667
BE,2012Q4,0.0,0.9506666666666668,0.9506666666666668
BE,2013Q1,0.0,1.1516666666666666,1.1516666666666666
BE,2013Q2,0.0,1.123,1.123
BE,2013Q3,0.0,1.352666666666667,1.352666666666667
BE,2013Q4,0.0,1.112,1.112
BE,2014Q1,0.0,0.9616666666666666,0.9616666666666666
BE,2014Q2,-0.1,0.6873333333333335,0.7873333333333334
BE,2014Q3,-0.2,0.324,0.524
BE,2014Q4,-0.2,0.2063333333333333,0.4063333333333333
BE,2015Q1,-0.2,0.0273333333333333,0.2273333333333333
BE,2015Q2,-0.2,0.2013333333333333,0.4013333333333333
BE,2015Q3,-0.2,0.182,0.382
BE,2015Q4,-0.3,0.013,0.313
BE,2016Q1,-0.4,-0.2556666666666666,0.14433333333333342
BE,2016Q2,-0.4,-0.229,0.171
BE,2016Q3,-0.4,-0.457,-0.056999999999999995
BE,2016Q4,-0.4,-0.3429999999999999,0.057000000000000106
BE,2017Q1,-0.4,-0.2953333333333333,0.10466666666666674
BE,2017Q2,-0.4,-0.1566666666666666,0.24333333333333343
BE,2017Q3,-0.4,-0.1793333333333333,0.22066666666666673
BE,2017Q4,-0.4,-0.2273333333333333,0.17266666666666672
BE,2018Q1,-0.4,0.0676666666666666,0.4676666666666666
BE,2018Q2,-0.4,-0.0586666666666666,0.34133333333333343
BE,2018Q3,-0.4,-0.0726666666666666,0.3273333333333334
BE,2018Q4,-0.4,0.0016666666666666,0.4016666666666666
BE,2019Q1,-0.4,-0.1756666666666666,0.2243333333333334
BE,2019Q2,-0.4,-0.4039999999999999,-0.0039999999999998925
BE,2019Q3,-0.5,-0.6663333333333333,-0.16633333333333333
BE,2019Q4,-0.5,-0.3846666666666666,0.1153333333333334
BE,2020Q1,-0.5,-0.4163333333333334,0.08366666666666661
BE,2020Q2,-0.5,-0.4116666666666666,0.08833333333333337
BE,2020Q3,-0.5,-0.557,-0.05700000000000005
BE,2020Q4,-0.5,-0.6706666666666666,-0.17066666666666663
BE,2021Q1,-0.5,-0.5216666666666666,-0.021666666666666612
BE,2021Q2,-0.5,-0.4326666666666667,0.0673333333333333
BE,2021Q3,-0.5,-0.5499999999999999,-0.04999999999999993
BE,2021Q4,-0.5,-0.392,0.10799999999999998
BE,2022Q1,-0.5,0.1556666666666666,0.6556666666666666
BE,2022Q2,-0.5,1.107,1.607
BE,2022Q3,0.75,1.5326666666666668,0.7826666666666668
BE,2022Q4,2.0,2.42,0.41999999999999993
BE,2023Q1,3.0,2.7306666666666666,-0.2693333333333334
BE,2023Q2,3.5,2.709333333333334,-0.7906666666666662
BE,2023Q3,4.0,2.933,-1.0670000000000002
BE,2023Q4,4.0,2.6633333333333336,-1.3366666666666664
BE,2024Q1,4.0,2.561666666666667,-1.438333333333333
BE,2024Q2,3.75,2.891,-0.859
BE,2024Q3,3.5,2.4486666666666665,-1.0513333333333335
BE,2024Q4,3.25,2.5435,-0.7065000000000001
BR,2000Q1,18.5,,
BR,2000Q2,17.5,,
BR,2000Q3,16.5,,
BR,2000Q4,15.75,,
BR,2001Q1,15.75,,
BR,2001Q2,18.25,,
BR,2001Q3,19.0,,
BR,2001Q4,19.0,,
BR,2002Q1,18.5,,
BR,2002Q2,18.5,,
BR,2002Q3,18.0,,
BR,2002Q4,25.0,,
BR,2003Q1,26.5,,
BR,2003Q2,26.0,,
BR,2003Q3,20.0,,
BR,2003Q4,16.5,,
BR,2004Q1,16.25,,
BR,2004Q2,16.0,,
BR,2004Q3,16.25,,
BR,2004Q4,17.75,,
BR,2005Q1,19.25,,
BR,2005Q2,19.75,,
BR,2005Q3,19.5,,
BR,2005Q4,18.0,,
BR,2006Q1,16.5,,
BR,2006Q2,15.25,,
BR,2006Q3,14.25,,
BR,2006Q4,13.25,,
BR,2007Q1,12.75,12.12,-0.6300000000000008
BR,2007Q2,12.0,10.610666666666669,-1.3893333333333313
BR,2007Q3,11.25,11.539333333333332,0.28933333333333167
BR,2007Q4,11.25,12.406,1.1560000000000006
BR,2008Q1,11.25,12.971333333333334,1.7213333333333338
BR,2008Q2,12.25,14.184,1.9339999999999993
BR,2008Q3,13.75,14.001666666666669,0.2516666666666687
BR,2008Q4,13.75,15.503333333333332,1.753333333333332
BR,2009Q1,11.25,12.213333333333331,0.9633333333333312
BR,2009Q2,9.25,12.26,3.01
BR,2009Q3,8.75,12.328,3.5779999999999994
BR,2009Q4,8.75,12.758,4.007999999999999
BR,2010Q1,8.75,12.76,4.01
BR,2010Q2,10.25,,
BR,2010Q3,10.75,,
BR,2010Q4,10.75,,
BR,2011Q1,11.75,,
BR,2011Q2,12.25,,
BR,2011Q3,12.0,,
BR,2011Q4,11.0,,
BR,2012Q1,9.75,10.928,1.1780000000000008
BR,2012Q2,8.5,9.745,1.2449999999999992
BR,2012Q3,7.5,8.951666666666666,1.4516666666666662
BR,2012Q4,7.25,8.653333333333334,1.4033333333333342
BR,2013Q1,7.25,9.193333333333332,1.9433333333333316
BR,2013Q2,8.0,9.996666666666668,1.996666666666668
BR,2013Q3,9.0,11.423333333333332,2.423333333333332
BR,2013Q4,10.0,12.416666666666666,2.416666666666666
BR,2014Q1,10.75,12.78,2.0299999999999994
BR,2014Q2,11.0,12.01,1.0099999999999998
BR,2014Q3,11.0,11.805,0.8049999999999997
BR,2014Q4,11.75,12.283333333333331,0.5333333333333314
BR,2015Q1,12.75,12.628333333333336,-0.12166666666666437
BR,2015Q2,13.75,12.676666666666668,-1.0733333333333324
BR,2015Q3,14.25,14.193333333333332,-0.05666666666666842
BR,2015Q4,14.25,16.126666666666665,1.8766666666666652
BR,2016Q1,14.25,15.01,0.7599999999999998
BR,2016Q2,14.25,12.416666666666666,-1.833333333333334
BR,2016Q3,14.25,11.833333333333334,-2.416666666666666
BR,2016Q4,13.75,11.47,-2.2799999999999994
BR,2017Q1,12.25,10.19,-2.0600000000000005
BR,2017Q2,10.25,10.296666666666669,0.04666666666666863
BR,2017Q3,8.25,9.536666666666669,1.2866666666666688
BR,2017Q4,7.0,9.781666666666666,2.7816666666666663
BR,2018Q1,6.5,9.09,2.59
BR,2018Q2,6.5,10.015,3.5150000000000006
BR,2018Q3,6.5,10.853333333333332,4.353333333333332
BR,2018Q4,6.5,8.959999999999999,2.459999999999999
BR,2019Q1,6.5,8.15,1.6500000000000004
BR,2019Q2,6.5,7.873333333333334,1.373333333333334
BR,2019Q3,5.5,6.783333333333334,1.283333333333334
BR,2019Q4,4.5,6.23,1.7300000000000004
BR,2020Q1,3.75,6.293333333333333,2.543333333333333
BR,2020Q2,2.25,5.875,3.625
BR,2020Q3,2.0,5.651666666666666,3.6516666666666664
BR,2020Q4,2.0,6.186666666666667,4.186666666666667
BR,2021Q1,2.75,7.208333333333333,4.458333333333333
BR,2021Q2,4.25,7.966666666666666,3.716666666666666
BR,2021Q3,6.25,9.258333333333333,3.008333333333333
BR,2021Q4,9.25,11.538333333333334,2.288333333333334
BR,2022Q1,11.75,11.160000000000002,-0.5899999999999981
BR,2022Q2,13.25,12.515,-0.7349999999999994
BR,2022Q3,13.75,12.196666666666667,-1.5533333333333328
BR,2022Q4,13.75,12.416666666666666,-1.333333333333334
BR,2023Q1,13.75,12.783333333333331,-0.9666666666666686
BR,2023Q2,13.75,11.361666666666666,-2.3883333333333336
BR,2023Q3,12.75,10.953333333333331,-1.7966666666666686
BR,2023Q4,11.75,10.76,-0.9900000000000002
BR,2024Q1,10.75,10.473333333333334,-0.2766666666666655
BR,2024Q2,10.5,11.755,1.2550000000000008
BR,2024Q3,10.75,12.223333333333334,1.4733333333333345
CA,2000Q1,5.25,6.251333333333334,1.001333333333334
CA,2000Q2,5.75,6.125333333333334,0.37533333333333374
CA,2000Q3,5.75,5.851333333333334,0.10133333333333372
CA,2000Q4,5.75,5.578333333333333,-0.17166666666666686
CA,2001Q1,5.0,5.098333333333334,0.0983333333333336
CA,2001Q2,4.5,5.4430000000000005,0.9430000000000005
CA,2001Q3,3.5,4.917000000000001,1.4170000000000007
CA,2001Q4,2.25,4.398333333333333,2.1483333333333334
CA,2002Q1,2.0,4.895333333333333,2.8953333333333333
CA,2002Q2,2.5,4.887666666666667,2.387666666666667
CA,2002Q3,2.75,4.295,1.545
CA,2002Q4,2.75,4.173666666666667,1.4236666666666666
CA,2003Q1,3.0,4.3133333333333335,1.3133333333333335
CA,2003Q2,3.25,3.816,0.5659999999999998
CA,2003Q3,2.75,3.830333333333334,1.0803333333333338
CA,2003Q4,2.75,4.027333333333334,1.2773333333333339
CA,2004Q1,2.25,3.525,1.275
CA,2004Q2,2.0,3.981,1.9809999999999999
CA,2004Q3,2.25,4.031666666666666,1.7816666666666663
CA,2004Q4,2.5,3.814333333333334,1.3143333333333338
CA,2005Q1,2.5,3.6646666666666663,1.1646666666666663
CA,2005Q2,2.5,3.3586666666666667,0.8586666666666667
CA,2005Q3,2.75,3.4586666666666663,0.7086666666666663
CA,2005Q4,3.25,3.880333333333333,0.6303333333333332
CA,2006Q1,3.75,4.1066666666666665,0.35666666666666647
CA,2006Q2,4.25,4.349333333333333,0.09933333333333305
CA,2006Q3,4.25,4.042666666666666,-0.2073333333333336
CA,2006Q4,4.25,3.943,-0.30699999999999994
CA,2007Q1,4.25,4.017666666666667,-0.23233333333333306
CA,2007Q2,4.25,4.44,0.1900000000000004
CA,2007Q3,4.5,4.390333333333333,-0.10966666666666658
CA,2007Q4,4.25,3.967,-0.2829999999999999
CA,2008Q1,3.5,3.1809999999999996,-0.3190000000000004
CA,2008Q2,3.0,3.2836666666666665,0.2836666666666665
CA,2008Q3,3.0,3.1476666666666664,0.1476666666666664
CA,2008Q4,1.5,2.314333333333334,0.8143333333333338
CA,2009Q1,0.5,1.9713333333333332,1.4713333333333332
CA,2009Q2,0.25,2.311,2.061
CA,2009Q3,0.25,2.5980000000000003,2.3480000000000003
CA,2009Q4,0.25,2.608,2.358
CA,2010Q1,0.25,2.6199999999999997,2.3699999999999997
CA,2010Q2,0.5,2.687666666666667,2.187666666666667
CA,2010Q3,1.0,2.114333333333333,1.1143333333333332
CA,2010Q4,1.0,2.246,1.246
CA,2011Q1,1.0,2.638666666666667,1.638666666666667
CA,2011Q2,1.0,2.424,1.424
CA,2011Q3,1.0,1.7086666666666666,0.7086666666666666
CA,2011Q4,1.0,1.415,0.41500000000000004
CA,2012Q1,1.0,1.4213333333333331,0.4213333333333331
CA,2012Q2,1.0,1.366,0.3660000000000001
CA,2012Q3,1.0,1.3113333333333337,0.3113333333333337
CA,2012Q4,1.0,1.3383333333333332,0.33833333333333315
CA,2013Q1,1.0,1.3746666666666665,0.3746666666666665
CA,2013Q2,1.0,1.484,0.484
CA,2013Q3,1.0,1.852,0.8520000000000001
CA,2013Q4,1.0,1.8036666666666668,0.8036666666666668
CA,2014Q1,1.0,1.6290000000000002,0.6290000000000002
CA,2014Q2,1.0,1.5776666666666666,0.5776666666666666
CA,2014Q3,1.0,1.556,0.556
CA,2014Q4,1.0,1.4166666666666667,0.41666666666666674
CA,2015Q1,0.75,0.6993333333333333,-0.05066666666666675
CA,2015Q2,0.75,0.8929999999999999,0.1429999999999999
CA,2015Q3,0.5,0.782,0.28200000000000003
CA,2015Q4,0.5,0.842,0.34199999999999997
CA,2016Q1,0.5,0.674,0.17400000000000004
CA,2016Q2,0.5,0.7313333333333333,0.23133333333333328
CA,2016Q3,0.5,0.628,0.128
CA,2016Q4,0.5,0.9406666666666668,0.44066666666666676
CA,2017Q1,0.5,1.1166666666666667,0.6166666666666667
CA,2017Q2,0.5,1.116,0.6160000000000001
CA,2017Q3,1.0,1.646,0.6459999999999999
CA,2017Q4,1.0,1.7063333333333333,0.7063333333333333
CA,2018Q1,1.25,2.031,0.7810000000000001
CA,2018Q2,1.25,2.1023333333333336,0.8523333333333336
CA,2018Q3,1.5,2.242,0.742
CA,2018Q4,1.75,2.173666666666666,0.4236666666666662
CA,2019Q1,1.75,1.708,-0.04200000000000004
CA,2019Q2,1.75,1.434,-0.31600000000000006
CA,2019Q3,1.75,1.3453333333333333,-0.40466666666666673
CA,2019Q4,1.75,1.5316666666666665,-0.2183333333333335
CA,2020Q1,0.25,0.9806666666666668,0.7306666666666668
CA,2020Q2,0.25,0.3926666666666666,0.1426666666666666
CA,2020Q3,0.25,0.36,0.10999999999999999
CA,2020Q4,0.25,0.4106666666666667,0.16066666666666668
CA,2021Q1,0.25,0.7653333333333333,0.5153333333333333
CA,2021Q2,0.25,0.9386666666666666,0.6886666666666666
CA,2021Q3,0.25,0.92,0.67
CA,2021Q4,0.25,1.3873333333333333,1.1373333333333333
CA,2022Q1,0.5,1.889,1.389
CA,2022Q2,1.5,2.8683333333333336,1.3683333333333336
CA,2022Q3,3.25,3.080666666666667,-0.1693333333333329
CA,2022Q4,4.25,3.3249999999999997,-0.9250000000000003
CA,2023Q1,4.5,3.1926666666666663,-1.3073333333333337
CA,2023Q2,4.75,3.3676666666666666,-1.3823333333333334
CA,2023Q3,5.0,4.015666666666667,-0.9843333333333328
CA,2023Q4,5.0,3.643,-1.3570000000000002
CA,2024Q1,5.0,3.503,-1.4969999999999999
CA,2024Q2,4.75,3.6923333333333335,-1.0576666666666665
CA,2024Q3,4.25,2.9546666666666668,-1.2953333333333332
CH,2000Q1,3.5,3.5393333333333334,0.03933333333333344
CH,2000Q2,4.0,3.896666666666667,-0.10333333333333306
CH,2000Q3,4.0,3.7526666666666664,-0.24733333333333363
CH,2000Q4,4.0,3.493,-0.5070000000000001
CH,2001Q1,3.75,3.141666666666667,-0.608333333333333
CH,2001Q2,3.75,3.236,-0.5139999999999998
CH,2001Q3,2.75,2.9646666666666666,0.21466666666666656
CH,2001Q4,2.25,2.889666666666667,0.6396666666666668
CH,2002Q1,2.25,3.2566666666666664,1.0066666666666664
CH,2002Q2,1.75,2.9326666666666665,1.1826666666666665
CH,2002Q3,1.25,2.337666666666667,1.0876666666666668
CH,2002Q4,1.25,1.8633333333333333,0.6133333333333333
CH,2003Q1,0.75,1.4693333333333334,0.7193333333333334
CH,2003Q2,0.75,1.465,0.7150000000000001
CH,2003Q3,0.75,1.641,0.891
CH,2003Q4,0.75,1.759,1.009
CH,2004Q1,0.75,1.695,0.9450000000000001
CH,2004Q2,1.0,2.0706666666666664,1.0706666666666664
CH,2004Q3,1.25,1.9466666666666663,0.6966666666666663
CH,2004Q4,1.25,1.642,0.3919999999999999
CH,2005Q1,1.25,1.7376666666666667,0.4876666666666667
CH,2005Q2,1.25,1.4463333333333337,0.1963333333333337
CH,2005Q3,1.25,1.4956666666666667,0.2456666666666667
CH,2005Q4,1.5,1.871,0.371
CH,2006Q1,1.75,2.079,0.3290000000000002
CH,2006Q2,2.0,2.470333333333333,0.47033333333333305
CH,2006Q3,2.25,2.4136666666666664,0.1636666666666664
CH,2006Q4,2.5,2.43,-0.06999999999999984
CH,2007Q1,2.75,2.5206666666666666,-0.2293333333333334
CH,2007Q2,3.0,2.872,-0.1280000000000001
CH,2007Q3,3.25,3.0703333333333336,-0.17966666666666642
CH,2007Q4,3.25,2.8859999999999997,-0.3640000000000003
CH,2008Q1,3.25,2.673666666666667,-0.5763333333333329
CH,2008Q2,3.25,2.908,-0.3420000000000001
CH,2008Q3,3.25,2.4683333333333333,-0.7816666666666667
CH,2008Q4,1.0,1.898,0.8979999999999999
CH,2009Q1,0.75,1.4123333333333334,0.6623333333333334
CH,2009Q2,0.75,1.412,0.6619999999999999
CH,2009Q3,0.75,1.172,0.42199999999999993
CH,2009Q4,0.75,1.167,0.41700000000000004
CH,2010Q1,0.75,0.899,0.14900000000000002
CH,2010Q2,0.75,0.7436666666666666,-0.006333333333333413
CH,2010Q3,0.75,0.6343333333333333,-0.1156666666666667
CH,2010Q4,0.75,0.9953333333333332,0.24533333333333318
CH,2011Q1,0.75,1.3066666666666666,0.5566666666666666
CH,2011Q2,0.75,1.1926666666666668,0.44266666666666676
CH,2011Q3,0.25,0.5286666666666667,0.27866666666666673
CH,2011Q4,0.25,0.2853333333333334,0.03533333333333338
CH,2012Q1,0.25,0.264,0.014000000000000012
CH,2012Q2,0.25,0.131,-0.119
CH,2012Q3,0.25,-0.0103333333333333,-0.2603333333333333
CH,2012Q4,0.25,0.0256666666666666,-0.22433333333333338
CH,2013Q1,0.25,0.205,-0.04500000000000001
CH,2013Q2,0.25,0.1873333333333333,-0.0626666666666667
CH,2013Q3,0.25,0.2463333333333333,-0.003666666666666707
CH,2013Q4,0.25,0.168,-0.08199999999999999
CH,2014Q1,0.25,0.1863333333333333,-0.0636666666666667
CH,2014Q2,0.25,0.1476666666666666,-0.10233333333333339
CH,2014Q3,0.25,0.0836666666666666,-0.1663333333333334
CH,2014Q4,0.25,-0.0289999999999999,-0.2789999999999999
CH,2015Q1,-0.25,-0.429,-0.179
CH,2015Q2,-0.25,-0.4686666666666667,-0.21866666666666668
CH,2015Q3,-0.25,-0.622,-0.372
CH,2015Q4,-0.25,-0.8033333333333333,-0.5533333333333333
CH,2016Q1,-0.25,-0.7973333333333333,-0.5473333333333333
CH,2016Q2,-0.25,-0.8133333333333334,-0.5633333333333334
CH,2016Q3,-0.25,-0.8636666666666667,-0.6136666666666667
CH,2016Q4,-0.25,-0.718,-0.46799999999999997
CH,2017Q1,-0.25,-0.6193333333333334,-0.3693333333333334
CH,2017Q2,-0.25,-0.5606666666666666,-0.31066666666666665
CH,2017Q3,-0.25,-0.5093333333333333,-0.2593333333333333
CH,2017Q4,-0.25,-0.4923333333333333,-0.2423333333333333
CH,2018Q1,-0.25,-0.4256666666666666,-0.17566666666666658
CH,2018Q2,-0.25,-0.49,-0.24
CH,2018Q3,-0.25,-0.4059999999999999,-0.15599999999999992
CH,2018Q4,-0.25,-0.4973333333333333,-0.2473333333333333
CH,2019Q1,-0.25,-0.598,-0.348
CH,2019Q2,-0.75,-0.7526666666666667,-0.002666666666666706
CH,2019Q3,-0.75,-0.989,-0.239
CH,2019Q4,-0.75,-0.703,0.04700000000000004
CH,2020Q1,-0.75,-0.7316666666666668,0.0183333333333332
CH,2020Q2,-0.75,-0.6316666666666667,0.11833333333333329
CH,2020Q3,-0.75,-0.6890000000000001,0.06099999999999994
CH,2020Q4,-0.75,-0.714,0.03600000000000003
CH,2021Q1,-0.75,-0.5813333333333334,0.16866666666666663
CH,2021Q2,-0.75,-0.5326666666666667,0.21733333333333327
CH,2021Q3,-0.75,-0.6,0.15000000000000002
CH,2021Q4,-0.75,-0.3846666666666666,0.3653333333333334
CH,2022Q1,-0.75,-0.0053333333333333,0.7446666666666667
CH,2022Q2,-0.25,0.4733333333333333,0.7233333333333333
CH,2022Q3,0.5,0.5863333333333333,0.08633333333333326
CH,2022Q4,1.0,1.0853333333333337,0.0853333333333337
CH,2023Q1,1.5,1.2506666666666666,-0.2493333333333334
CH,2023Q2,1.75,0.97,-0.78
CH,2023Q3,1.75,1.022333333333333,-0.7276666666666669
CH,2023Q4,1.75,0.928,-0.822
CH,2024Q1,1.5,0.8293333333333334,-0.6706666666666666
CH,2024Q2,1.25,0.8423333333333334,-0.4076666666666666
CH,2024Q3,1.0,0.4733333333333333,-0.5266666666666667
CL,2000Q1,5.37,,
CL,2000Q2,5.5,,
CL,2000Q3,5.0,,
CL,2000Q4,5.0,,
CL,2001Q1,4.05,,
CL,2001Q2,3.5,,
CL,2001Q3,6.5,,
CL,2001Q4,6.5,,
CL,2002Q1,4.75,,
CL,2002Q2,4.0,,
CL,2002Q3,3.0,,
CL,2002Q4,3.0,,
CL,2003Q1,2.75,,
CL,2003Q2,2.75,,
CL,2003Q3,2.75,,
CL,2003Q4,2.25,,
CL,2004Q1,1.75,,
CL,2004Q2,1.75,,
CL,2004Q3,2.0,,
CL,2004Q4,2.25,,
CL,2005Q1,2.75,,
CL,2005Q2,3.25,,
CL,2005Q3,4.0,,
CL,2005Q4,4.5,,
CL,2006Q1,4.75,,
CL,2006Q2,5.0,,
CL,2006Q3,5.25,,
CL,2006Q4,5.25,,
CL,2007Q1,5.0,,
CL,2007Q2,5.0,,
CL,2007Q3,5.75,,
CL,2007Q4,6.0,,
CL,2008Q1,6.25,,
CL,2008Q2,6.75,,
CL,2008Q3,8.25,,
CL,2008Q4,8.25,,
CL,2009Q1,2.25,4.243,1.9930000000000003
CL,2009Q2,0.75,4.6546666666666665,3.9046666666666665
CL,2009Q3,0.5,4.75,4.25
CL,2009Q4,0.5,5.134333333333333,4.634333333333333
CL,2010Q1,0.5,5.399666666666666,4.899666666666666
CL,2010Q2,1.0,5.673333333333333,4.673333333333333
CL,2010Q3,2.5,5.6370000000000005,3.1370000000000005
CL,2010Q4,3.25,5.746666666666667,2.496666666666667
CL,2011Q1,4.0,6.567,2.567
CL,2011Q2,5.25,6.263000000000001,1.0130000000000008
CL,2011Q3,5.25,5.4143333333333326,0.16433333333333255
CL,2011Q4,5.25,5.460333333333334,0.2103333333333337
CL,2012Q1,5.0,5.390666666666667,0.39066666666666716
CL,2012Q2,5.0,5.326666666666667,0.3266666666666671
CL,2012Q3,5.0,5.276666666666666,0.2766666666666664
CL,2012Q4,5.0,5.46,0.45999999999999996
CL,2013Q1,5.0,5.553333333333334,0.5533333333333337
CL,2013Q2,5.0,5.22,0.21999999999999975
CL,2013Q3,5.0,5.1433333333333335,0.14333333333333353
CL,2013Q4,4.5,4.793333333333333,0.293333333333333
CL,2014Q1,4.0,4.636666666666667,0.6366666666666667
CL,2014Q2,4.0,4.453333333333333,0.45333333333333314
CL,2014Q3,3.25,4.2,0.9500000000000002
CL,2014Q4,3.0,3.9766666666666666,0.9766666666666666
CL,2015Q1,3.0,3.99,0.9900000000000002
CL,2015Q2,3.0,4.156666666666666,1.1566666666666663
CL,2015Q3,3.0,4.0633333333333335,1.0633333333333335
CL,2015Q4,3.5,4.359999999999999,0.8599999999999994
CL,2016Q1,3.5,4.183333333333334,0.6833333333333336
CL,2016Q2,3.5,4.146666666666667,0.6466666666666674
CL,2016Q3,3.5,3.959999999999999,0.4599999999999991
CL,2016Q4,3.5,3.9933333333333336,0.4933333333333336
CL,2017Q1,3.0,3.703333333333333,0.7033333333333331
CL,2017Q2,2.5,3.6266666666666665,1.1266666666666665
CL,2017Q3,2.5,3.653333333333333,1.1533333333333329
CL,2017Q4,2.5,3.92,1.42
CL,2018Q1,2.5,3.9333333333333336,1.4333333333333336
CL,2018Q2,2.5,4.03,1.5300000000000002
CL,2018Q3,2.5,4.113333333333333,1.6133333333333333
CL,2018Q4,2.75,4.13,1.38
CL,2019Q1,3.0,3.8166666666666664,0.8166666666666664
CL,2019Q2,2.5,3.2466666666666666,0.7466666666666666
CL,2019Q3,2.0,2.3466666666666662,0.34666666666666623
CL,2019Q4,1.75,2.453333333333333,0.7033333333333331
CL,2020Q1,1.0,2.2966666666666664,1.2966666666666664
CL,2020Q2,0.5,0.9533333333333336,0.4533333333333336
CL,2020Q3,0.5,1.3166666666666669,0.8166666666666669
CL,2020Q4,0.5,1.5433333333333332,1.0433333333333332
CL,2021Q1,0.5,1.8,1.3
CL,2021Q2,0.5,2.9233333333333333,2.4233333333333333
CL,2021Q3,1.5,4.276666666666666,2.7766666666666664
CL,2021Q4,4.0,5.63,1.63
CL,2022Q1,7.0,5.976666666666667,-1.0233333333333334
CL,2022Q2,9.0,6.603333333333333,-2.3966666666666674
CL,2022Q3,10.75,7.039999999999999,-3.710000000000001
CL,2022Q4,11.25,6.013333333333333,-5.236666666666667
CL,2023Q1,11.25,5.773333333333333,-5.476666666666667
CL,2023Q2,11.25,5.670000000000001,-5.579999999999999
CL,2023Q3,9.5,5.786666666666666,-3.713333333333334
CL,2023Q4,8.25,5.91,-2.34
CL,2024Q1,7.25,5.603333333333333,-1.6466666666666674
CL,2024Q2,5.75,5.93,0.17999999999999972
CL,2024Q3,5.5,5.53,0.03000000000000025
DE,2000Q1,2.5,4.999666666666666,2.4996666666666663
DE,2000Q2,3.25,5.031333333333333,1.7813333333333334
DE,2000Q3,3.5,5.146666666666667,1.6466666666666674
DE,2000Q4,3.75,4.7893333333333326,1.0393333333333326
DE,2001Q1,3.75,4.428999999999999,0.6789999999999994
DE,2001Q2,3.5,4.690666666666666,1.190666666666666
DE,2001Q3,3.0,4.235,1.2350000000000003
DE,2001Q4,2.25,4.053333333333334,1.8033333333333337
DE,2002Q1,2.25,4.626333333333334,2.376333333333334
DE,2002Q2,2.25,4.634,2.3840000000000003
DE,2002Q3,2.25,3.9293333333333336,1.6793333333333336
DE,2002Q4,1.75,3.658,1.908
DE,2003Q1,1.5,3.1449999999999996,1.6449999999999996
DE,2003Q2,1.0,3.0103333333333335,2.0103333333333335
DE,2003Q3,1.0,3.310333333333334,2.310333333333334
DE,2003Q4,1.0,3.6156666666666664,2.6156666666666664
DE,2004Q1,1.0,3.2566666666666664,2.2566666666666664
DE,2004Q2,1.0,3.533333333333333,2.533333333333333
DE,2004Q3,1.0,3.3983333333333334,2.3983333333333334
DE,2004Q4,1.0,3.0879999999999996,2.0879999999999996
DE,2005Q1,1.0,3.0073333333333334,2.0073333333333334
DE,2005Q2,1.0,2.671666666666667,1.6716666666666669
DE,2005Q3,1.0,2.656,1.6560000000000001
DE,2005Q4,1.25,3.0706666666666664,1.8206666666666664
DE,2006Q1,1.5,3.3646666666666665,1.8646666666666665
DE,2006Q2,1.75,3.735333333333333,1.9853333333333332
DE,2006Q3,2.0,3.644,1.6440000000000001
DE,2006Q4,2.5,3.7763333333333335,1.2763333333333335
DE,2007Q1,2.75,3.963333333333333,1.213333333333333
DE,2007Q2,3.0,4.3613333333333335,1.3613333333333335
DE,2007Q3,3.0,4.176666666666667,1.1766666666666667
DE,2007Q4,3.0,4.076666666666667,1.076666666666667
DE,2008Q1,3.0,3.4923333333333333,0.4923333333333333
DE,2008Q2,3.0,4.282,1.282
DE,2008Q3,3.0,4.041333333333333,1.0413333333333332
DE,2008Q4,3.0,2.7273333333333336,-0.2726666666666664
DE,2009Q1,1.0,2.308333333333333,1.3083333333333331
DE,2009Q2,0.25,2.5073333333333334,2.2573333333333334
DE,2009Q3,0.25,2.3956666666666666,2.1456666666666666
DE,2009Q4,0.25,2.3670000000000004,2.1170000000000004
DE,2010Q1,0.25,2.1846666666666668,1.9346666666666668
DE,2010Q2,0.25,1.663,1.413
DE,2010Q3,0.25,1.4509999999999998,1.2009999999999998
DE,2010Q4,0.25,1.747,1.497
DE,2011Q1,0.25,2.488,2.238
DE,2011Q2,0.5,2.392,1.892
DE,2011Q3,0.75,1.406666666666667,0.656666666666667
DE,2011Q4,0.25,1.024333333333333,0.7743333333333331
DE,2012Q1,0.25,0.7843333333333334,0.5343333333333334
DE,2012Q2,0.25,0.5193333333333333,0.2693333333333333
DE,2012Q3,0.0,0.3853333333333333,0.3853333333333333
DE,2012Q4,0.0,0.3943333333333333,0.3943333333333333
DE,2013Q1,0.0,0.5013333333333333,0.5013333333333333
DE,2013Q2,0.0,0.521,0.521
DE,2013Q3,0.0,0.7576666666666667,0.7576666666666667
DE,2013Q4,0.0,0.7480000000000001,0.7480000000000001
DE,2014Q1,0.0,0.6513333333333334,0.6513333333333334
DE,2014Q2,-0.1,0.4426666666666667,0.5426666666666667
DE,2014Q3,-0.2,0.2113333333333333,0.41133333333333333
DE,2014Q4,-0.2,0.0853333333333333,0.2853333333333333
DE,2015Q1,-0.2,-0.0763333333333333,0.12366666666666672
DE,2015Q2,-0.2,0.03,0.23
DE,2015Q3,-0.2,0.0606666666666666,0.2606666666666666
DE,2015Q4,-0.3,-0.0983333333333333,0.2016666666666667
DE,2016Q1,-0.4,-0.344,0.05600000000000005
DE,2016Q2,-0.4,-0.4019999999999999,-0.0019999999999998908
DE,2016Q3,-0.4,-0.5323333333333333,-0.1323333333333333
DE,2016Q4,-0.4,-0.4543333333333333,-0.05433333333333329
DE,2017Q1,-0.4,-0.4506666666666666,-0.05066666666666658
DE,2017Q2,-0.4,-0.346,0.05400000000000005
DE,2017Q3,-0.4,-0.2626666666666666,0.13733333333333342
DE,2017Q4,-0.4,-0.286,0.11400000000000005
DE,2018Q1,-0.4,-0.0276666666666666,0.3723333333333334
DE,2018Q2,-0.4,-0.2106666666666666,0.1893333333333334
DE,2018Q3,-0.4,-0.2003333333333333,0.19966666666666671
DE,2018Q4,-0.4,-0.2423333333333333,0.15766666666666673
DE,2019Q1,-0.4,-0.3823333333333333,0.01766666666666672
DE,2019Q2,-0.4,-0.5533333333333333,-0.15333333333333332
DE,2019Q3,-0.5,-0.8316666666666667,-0.33166666666666667
DE,2019Q4,-0.5,-0.5670000000000001,-0.06700000000000006
DE,2020Q1,-0.5,-0.6856666666666666,-0.18566666666666665
DE,2020Q2,-0.5,-0.6993333333333333,-0.19933333333333325
DE,2020Q3,-0.5,-0.6903333333333332,-0.19033333333333324
DE,2020Q4,-0.5,-0.7713333333333333,-0.2713333333333333
DE,2021Q1,-0.5,-0.6416666666666667,-0.14166666666666672
DE,2021Q2,-0.5,-0.5743333333333333,-0.07433333333333325
DE,2021Q3,-0.5,-0.6553333333333334,-0.15533333333333343
DE,2021Q4,-0.5,-0.4833333333333333,0.01666666666666672
DE,2022Q1,-0.5,-0.011,0.489
DE,2022Q2,-0.5,0.8716666666666667,1.3716666666666666
DE,2022Q3,0.75,1.286,0.536
DE,2022Q4,2.0,2.175666666666667,0.17566666666666686
DE,2023Q1,3.0,2.451,-0.5489999999999999
DE,2023Q2,3.5,2.39,-1.1099999999999999
DE,2023Q3,4.0,2.6056666666666666,-1.3943333333333334
DE,2023Q4,4.0,2.3253333333333335,-1.6746666666666665
DE,2024Q1,4.0,2.2596666666666665,-1.7403333333333335
DE,2024Q2,3.75,2.6026666666666665,-1.1473333333333335
DE,2024Q3,3.5,2.122666666666667,-1.377333333333333
DE,2024Q4,3.25,2.242,-1.008
DK,2000Q1,3.5,5.48,1.9800000000000004
DK,2000Q2,4.25,5.660666666666667,1.4106666666666667
DK,2000Q3,4.5,5.735333333333333,1.2353333333333332
DK,2000Q4,4.75,5.238333333333333,0.4883333333333333
DK,2001Q1,4.75,4.824666666666666,0.07466666666666644
DK,2001Q2,4.5,5.107333333333333,0.6073333333333331
DK,2001Q3,3.75,4.659,0.9089999999999998
DK,2001Q4,3.25,4.3950000000000005,1.1450000000000005
DK,2002Q1,3.25,4.901666666666666,1.6516666666666664
DK,2002Q2,3.25,4.961666666666667,1.711666666666667
DK,2002Q3,3.25,4.364999999999999,1.1149999999999993
DK,2002Q4,2.86,4.126333333333332,1.2663333333333324
DK,2003Q1,2.55,3.5583333333333336,1.0083333333333337
DK,2003Q2,2.08,3.2900000000000005,1.2100000000000004
DK,2003Q3,2.0,3.5576666666666665,1.5576666666666665
DK,2003Q4,2.0,3.751333333333333,1.7513333333333332
DK,2004Q1,2.0,3.794,1.794
DK,2004Q2,2.0,,
DK,2004Q3,2.0,3.469,1.4689999999999999
DK,2004Q4,2.0,3.1910000000000003,1.1910000000000003
DK,2005Q1,2.0,3.023,1.0230000000000001
DK,2005Q2,2.0,2.53,0.5299999999999998
DK,2005Q3,2.0,2.580333333333334,0.5803333333333338
DK,2005Q4,2.25,3.0500000000000003,0.8000000000000003
DK,2006Q1,2.5,3.385666666666667,0.8856666666666668
DK,2006Q2,2.75,3.7516666666666665,1.0016666666666665
DK,2006Q3,3.0,3.6603333333333334,0.6603333333333334
DK,2006Q4,3.5,3.7593333333333336,0.25933333333333364
DK,2007Q1,3.75,3.968,0.21799999999999997
DK,2007Q2,4.0,4.392666666666667,0.39266666666666694
DK,2007Q3,4.0,4.284666666666666,0.2846666666666664
DK,2007Q4,4.0,4.199,0.19899999999999984
DK,2008Q1,4.0,3.6603333333333334,-0.33966666666666656
DK,2008Q2,4.0,4.5793333333333335,0.5793333333333335
DK,2008Q3,4.25,4.381,0.13100000000000023
DK,2008Q4,3.5,3.717,0.21700000000000008
DK,2009Q1,2.0,3.017666666666667,1.017666666666667
DK,2009Q2,1.2,3.0613333333333337,1.8613333333333337
DK,2009Q3,1.0,3.1333333333333333,2.1333333333333333
DK,2009Q4,1.0,3.0626666666666664,2.0626666666666664
DK,2010Q1,0.75,2.7153333333333336,1.9653333333333336
DK,2010Q2,0.75,2.044666666666666,1.2946666666666662
DK,2010Q3,0.75,1.7523333333333333,1.0023333333333333
DK,2010Q4,0.75,2.008,1.258
DK,2011Q1,0.75,2.578333333333333,1.8283333333333331
DK,2011Q2,1.0,2.5383333333333336,1.5383333333333336
DK,2011Q3,1.25,1.6290000000000002,0.3790000000000002
DK,2011Q4,0.75,1.0166666666666666,0.2666666666666666
DK,2012Q1,0.75,0.819,0.06899999999999995
DK,2012Q2,0.25,0.455,0.20500000000000002
DK,2012Q3,,0.1716666666666666,
DK,2012Q4,,0.1423333333333333,
DK,2013Q1,,0.8426666666666667,
DK,2013Q2,,0.8196666666666667,
DK,2013Q3,,1.1733333333333331,
DK,2013Q4,,1.024,
DK,2014Q1,,0.8533333333333334,
DK,2014Q2,,0.614,
DK,2014Q3,,0.333,
DK,2014Q4,,0.1626666666666666,
DK,2015Q1,,-0.1886666666666666,
DK,2015Q2,,0.0676666666666666,
DK,2015Q3,,0.109,
DK,2015Q4,,0.2646666666666666,
DK,2016Q1,,-0.0033333333333333,
DK,2016Q2,,-0.1116666666666666,
DK,2016Q3,,-0.3306666666666666,
DK,2016Q4,,-0.1963333333333333,
DK,2017Q1,,-0.2303333333333333,
DK,2017Q2,,-0.2073333333333333,
DK,2017Q3,,-0.3043333333333333,
DK,2017Q4,,-0.2196666666666666,
DK,2018Q1,,0.1456666666666666,
DK,2018Q2,,-0.0713333333333333,
DK,2018Q3,,-0.0883333333333333,
DK,2018Q4,,-0.1906666666666666,
DK,2019Q1,,-0.3553333333333333,
DK,2019Q2,,-0.531,
DK,2019Q3,,-0.763,
DK,2019Q4,,-0.5459999999999999,
DK,2020Q1,,-0.5870000000000001,
DK,2020Q2,,-0.4883333333333333,
DK,2020Q3,,-0.5186666666666667,
DK,2020Q4,,-0.585,
DK,2021Q1,,-0.442,
DK,2021Q2,,-0.3836666666666666,
DK,2021Q3,,-0.4666666666666666,
DK,2021Q4,-0.6,-0.3393333333333333,0.26066666666666666
DK,2022Q1,-0.6,0.1526666666666666,0.7526666666666666
DK,2022Q2,-0.6,1.2416666666666667,1.8416666666666668
DK,2022Q3,0.65,1.6543333333333334,1.0043333333333333
DK,2022Q4,1.75,2.4186666666666667,0.6686666666666667
DK,2023Q1,2.6,2.6843333333333335,0.08433333333333337
DK,2023Q2,3.1,2.6809999999999996,-0.4190000000000005
DK,2023Q3,3.6,2.8473333333333333,-0.7526666666666668
DK,2023Q4,3.6,2.540666666666666,-1.059333333333334
DK,2024Q1,3.6,2.298,-1.302
DK,2024Q2,3.6,2.554,-1.0460000000000003
DK,2024Q3,3.1,2.0886666666666667,-1.0113333333333334
ES,2000Q1,2.5,5.246,2.7460000000000004
ES,2000Q2,3.25,5.278333333333333,2.0283333333333333
ES,2000Q3,3.5,5.434666666666668,1.9346666666666676
ES,2000Q4,3.75,5.052666666666666,1.3026666666666662
ES,2001Q1,3.75,4.628666666666667,0.8786666666666667
ES,2001Q2,3.5,4.882333333333333,1.3823333333333334
ES,2001Q3,3.0,4.493666666666667,1.493666666666667
ES,2001Q4,2.25,4.163,1.9130000000000003
ES,2002Q1,2.25,4.7026666666666666,2.4526666666666666
ES,2002Q2,2.25,4.679666666666667,2.429666666666667
ES,2002Q3,2.25,3.908666666666667,1.658666666666667
ES,2002Q4,1.75,3.654,1.904
ES,2003Q1,1.5,3.158333333333333,1.6583333333333332
ES,2003Q2,1.0,2.946,1.9460000000000002
ES,2003Q3,1.0,3.2016666666666667,2.2016666666666667
ES,2003Q4,1.0,3.4150000000000005,2.4150000000000005
ES,2004Q1,1.0,2.933666666666667,1.9336666666666669
ES,2004Q2,1.0,3.4906666666666664,2.4906666666666664
ES,2004Q3,1.0,3.26,2.26
ES,2004Q4,1.0,2.9443333333333332,1.9443333333333332
ES,2005Q1,1.0,2.877333333333333,1.877333333333333
ES,2005Q2,1.0,2.529333333333333,1.5293333333333332
ES,2005Q3,1.0,2.6670000000000003,1.6670000000000003
ES,2005Q4,1.25,3.026,1.7759999999999998
ES,2006Q1,1.5,3.3503333333333334,1.8503333333333334
ES,2006Q2,1.75,3.7253333333333334,1.9753333333333334
ES,2006Q3,2.0,3.6316666666666664,1.6316666666666664
ES,2006Q4,2.5,3.7563333333333335,1.2563333333333335
ES,2007Q1,2.75,4.06,1.3099999999999996
ES,2007Q2,3.0,4.3853333333333335,1.3853333333333335
ES,2007Q3,3.0,4.289000000000001,1.2890000000000006
ES,2007Q4,3.0,4.1626666666666665,1.1626666666666665
ES,2008Q1,3.0,3.6953333333333336,0.6953333333333336
ES,2008Q2,3.0,4.453666666666667,1.4536666666666669
ES,2008Q3,3.0,4.325,1.3250000000000002
ES,2008Q4,3.0,3.5096666666666665,0.5096666666666665
ES,2009Q1,1.0,3.371,2.371
ES,2009Q2,0.25,2.937666666666667,2.687666666666667
ES,2009Q3,0.25,2.786666666666666,2.536666666666666
ES,2009Q4,0.25,2.7786666666666666,2.5286666666666666
ES,2010Q1,0.25,2.8089999999999997,2.5589999999999997
ES,2010Q2,0.25,3.4423333333333335,3.1923333333333335
ES,2010Q3,0.25,3.0963333333333334,2.8463333333333334
ES,2010Q4,0.25,4.298333333333333,4.048333333333333
ES,2011Q1,0.25,4.5,4.25
ES,2011Q2,0.5,4.63,4.13
ES,2011Q3,0.75,4.706666666666667,3.956666666666667
ES,2011Q4,0.25,4.946666666666666,4.696666666666666
ES,2012Q1,0.25,3.813333333333333,3.563333333333333
ES,2012Q2,0.25,5.5,5.25
ES,2012Q3,0.0,5.7636666666666665,5.7636666666666665
ES,2012Q4,0.0,4.236999999999999,4.236999999999999
ES,2013Q1,0.0,3.830666666666667,3.830666666666667
ES,2013Q2,0.0,3.2416666666666667,3.2416666666666667
ES,2013Q3,0.0,3.334333333333334,3.334333333333334
ES,2013Q4,0.0,2.7390000000000003,2.7390000000000003
ES,2014Q1,0.0,2.0283333333333333,2.0283333333333333
ES,2014Q2,-0.1,1.507,1.607
ES,2014Q3,-0.2,0.9856666666666668,1.1856666666666669
ES,2014Q4,-0.2,0.9346666666666666,1.1346666666666667
ES,2015Q1,-0.2,0.6553333333333333,0.8553333333333333
ES,2015Q2,-0.2,0.8533333333333334,1.0533333333333335
ES,2015Q3,-0.2,0.8973333333333334,1.0973333333333335
ES,2015Q4,-0.3,0.6136666666666667,0.9136666666666666
ES,2016Q1,-0.4,0.424,0.8240000000000001
ES,2016Q2,-0.4,0.4076666666666666,0.8076666666666666
ES,2016Q3,-0.4,0.119,0.519
ES,2016Q4,-0.4,0.312,0.712
ES,2017Q1,-0.4,0.4393333333333333,0.8393333333333333
ES,2017Q2,-0.4,0.3643333333333333,0.7643333333333333
ES,2017Q3,-0.4,0.2426666666666666,0.6426666666666666
ES,2017Q4,-0.4,0.2776666666666667,0.6776666666666666
ES,2018Q1,-0.4,0.3353333333333333,0.7353333333333334
ES,2018Q2,-0.4,0.3823333333333333,0.7823333333333333
ES,2018Q3,-0.4,0.4543333333333333,0.8543333333333334
ES,2018Q4,-0.4,0.4446666666666667,0.8446666666666667
ES,2019Q1,-0.4,0.151,0.551
ES,2019Q2,-0.4,-0.108,0.29200000000000004
ES,2019Q3,-0.5,-0.3076666666666667,0.1923333333333333
ES,2019Q4,-0.5,-0.113,0.387
ES,2020Q1,-0.5,-0.076,0.424
ES,2020Q2,-0.5,-0.0893333333333333,0.4106666666666667
ES,2020Q3,-0.5,-0.2276666666666666,0.2723333333333334
ES,2020Q4,-0.5,-0.4383333333333333,0.0616666666666667
ES,2021Q1,-0.5,-0.2906666666666667,0.20933333333333332
ES,2021Q2,-0.5,-0.2146666666666666,0.28533333333333344
ES,2021Q3,-0.5,-0.3429999999999999,0.15700000000000008
ES,2021Q4,-0.5,-0.1223333333333333,0.3776666666666667
ES,2022Q1,-0.5,0.514,1.014
ES,2022Q2,-0.5,1.5116666666666667,2.0116666666666667
ES,2022Q3,0.75,1.9103333333333332,1.1603333333333332
ES,2022Q4,2.0,2.783,0.7829999999999999
ES,2023Q1,3.0,3.0926666666666662,0.09266666666666623
ES,2023Q2,3.5,3.075333333333333,-0.42466666666666697
ES,2023Q3,4.0,3.3023333333333333,-0.6976666666666667
ES,2023Q4,4.0,3.002333333333333,-0.9976666666666669
ES,2024Q1,4.0,2.8329999999999997,-1.1670000000000003
ES,2024Q2,3.75,3.078333333333333,-0.6716666666666669
ES,2024Q3,3.5,2.611333333333333,-0.8886666666666669
ES,2024Q4,3.25,2.668,-0.5819999999999999
FI,2000Q1,2.5,5.066666666666666,2.5666666666666664
FI,2000Q2,3.25,5.3389999999999995,2.0889999999999995
FI,2000Q3,3.5,5.410666666666667,1.9106666666666667
FI,2000Q4,3.75,5.044333333333333,1.2943333333333333
FI,2001Q1,3.75,4.630333333333334,0.8803333333333336
FI,2001Q2,3.5,4.892333333333333,1.3923333333333332
FI,2001Q3,3.0,4.441666666666666,1.4416666666666664
FI,2001Q4,2.25,4.178666666666667,1.9286666666666674
FI,2002Q1,2.25,4.846333333333333,2.596333333333333
FI,2002Q2,2.25,4.799666666666667,2.549666666666667
FI,2002Q3,2.25,4.056333333333334,1.8063333333333338
FI,2002Q4,1.75,3.675,1.9249999999999998
FI,2003Q1,1.5,3.0926666666666667,1.5926666666666667
FI,2003Q2,1.0,3.0103333333333335,2.0103333333333335
FI,2003Q3,1.0,3.375,2.375
FI,2003Q4,1.0,3.594666666666667,2.594666666666667
FI,2004Q1,1.0,3.3153333333333332,2.3153333333333332
FI,2004Q2,1.0,3.539,2.539
FI,2004Q3,1.0,3.314,2.314
FI,2004Q4,1.0,2.9966666666666666,1.9966666666666666
FI,2005Q1,1.0,3.0036666666666663,2.0036666666666663
FI,2005Q2,1.0,2.7106666666666666,1.7106666666666666
FI,2005Q3,1.0,2.658333333333333,1.6583333333333332
FI,2005Q4,1.25,3.03,1.7799999999999998
FI,2006Q1,1.5,3.357333333333333,1.857333333333333
FI,2006Q2,1.75,3.738999999999999,1.988999999999999
FI,2006Q3,2.0,3.625666666666666,1.6256666666666661
FI,2006Q4,2.5,3.743,1.2429999999999999
FI,2007Q1,2.75,3.989333333333333,1.2393333333333332
FI,2007Q2,3.0,4.366333333333333,1.3663333333333334
FI,2007Q3,3.0,4.294666666666667,1.294666666666667
FI,2007Q4,3.0,4.1546666666666665,1.1546666666666665
FI,2008Q1,3.0,3.6253333333333337,0.6253333333333337
FI,2008Q2,3.0,4.436333333333334,1.4363333333333337
FI,2008Q3,3.0,4.213666666666668,1.2136666666666676
FI,2008Q4,3.0,3.3233333333333337,0.3233333333333337
FI,2009Q1,1.0,2.965666666666667,1.965666666666667
FI,2009Q2,0.25,2.9589999999999996,2.7089999999999996
FI,2009Q3,0.25,2.6446666666666667,2.3946666666666667
FI,2009Q4,0.25,2.4793333333333334,2.2293333333333334
FI,2010Q1,0.25,2.252333333333333,2.002333333333333
FI,2010Q2,0.25,1.895,1.645
FI,2010Q3,0.25,1.644,1.394
FI,2010Q4,0.25,1.8783333333333332,1.6283333333333332
FI,2011Q1,0.25,2.6126666666666667,2.3626666666666667
FI,2011Q2,0.5,2.609,2.109
FI,2011Q3,0.75,1.742,0.992
FI,2011Q4,0.25,1.3416666666666668,1.0916666666666668
FI,2012Q1,0.25,1.3536666666666666,1.1036666666666666
FI,2012Q2,0.25,0.9716666666666668,0.7216666666666668
FI,2012Q3,0.0,0.5219999999999999,0.5219999999999999
FI,2012Q4,0.0,0.4603333333333333,0.4603333333333333
FI,2013Q1,0.0,0.6043333333333334,0.6043333333333334
FI,2013Q2,0.0,0.6326666666666666,0.6326666666666666
FI,2013Q3,0.0,0.868,0.868
FI,2013Q4,0.0,0.947,0.947
FI,2014Q1,0.0,0.8623333333333333,0.8623333333333333
FI,2014Q2,-0.1,0.6589999999999999,0.7589999999999999
FI,2014Q3,-0.2,0.3936666666666666,0.5936666666666666
FI,2014Q4,-0.2,0.298,0.498
FI,2015Q1,-0.2,0.0123333333333333,0.21233333333333332
FI,2015Q2,-0.2,0.1746666666666666,0.3746666666666666
FI,2015Q3,-0.2,0.1616666666666666,0.3616666666666666
FI,2015Q4,-0.3,-0.008,0.292
FI,2016Q1,-0.4,-0.2433333333333333,0.15666666666666673
FI,2016Q2,-0.4,-0.266,0.134
FI,2016Q3,-0.4,-0.476,-0.07599999999999996
FI,2016Q4,-0.4,-0.3939999999999999,0.006000000000000116
FI,2017Q1,-0.4,-0.3776666666666666,0.022333333333333427
FI,2017Q2,-0.4,-0.368,0.03200000000000003
FI,2017Q3,-0.4,-0.3103333333333333,0.08966666666666673
FI,2017Q4,-0.4,-0.2113333333333333,0.18866666666666673
FI,2018Q1,-0.4,0.0289999999999999,0.42899999999999994
FI,2018Q2,-0.4,-0.0736666666666666,0.3263333333333334
FI,2018Q3,-0.4,-0.0233333333333333,0.3766666666666667
FI,2018Q4,-0.4,-0.1009999999999999,0.29900000000000015
FI,2019Q1,-0.4,-0.1783333333333333,0.22166666666666673
FI,2019Q2,-0.4,-0.4046666666666667,-0.004666666666666652
FI,2019Q3,-0.5,-0.6906666666666667,-0.19066666666666665
FI,2019Q4,-0.5,-0.4743333333333333,0.025666666666666726
FI,2020Q1,-0.5,-0.5096666666666666,-0.009666666666666601
FI,2020Q2,-0.5,-0.4673333333333334,0.03266666666666662
FI,2020Q3,-0.5,-0.5783333333333333,-0.07833333333333325
FI,2020Q4,-0.5,-0.6836666666666668,-0.18366666666666676
FI,2021Q1,-0.5,-0.5683333333333334,-0.06833333333333336
FI,2021Q2,-0.5,-0.472,0.028000000000000025
FI,2021Q3,-0.5,-0.599,-0.09899999999999998
FI,2021Q4,-0.5,-0.3623333333333333,0.13766666666666671
FI,2022Q1,-0.5,0.2029999999999999,0.7029999999999998
FI,2022Q2,-0.5,1.1306666666666667,1.6306666666666667
FI,2022Q3,0.75,1.62,0.8700000000000001
FI,2022Q4,2.0,2.563333333333333,0.563333333333333
FI,2023Q1,3.0,2.77,-0.22999999999999998
FI,2023Q2,3.5,2.768333333333333,-0.7316666666666669
FI,2023Q3,4.0,3.0050000000000003,-0.9949999999999997
FI,2023Q4,4.0,2.7336666666666667,-1.2663333333333333
FI,2024Q1,4.0,2.6016666666666666,-1.3983333333333334
FI,2024Q2,3.75,2.965,-0.7850000000000001
FI,2024Q3,3.5,2.4243333333333332,-1.0756666666666668
FI,2024Q4,3.25,2.4755000000000003,-0.7744999999999997
FR,2000Q1,2.5,5.0729999999999995,2.5729999999999995
FR,2000Q2,3.25,5.131,1.8810000000000002
FR,2000Q3,3.5,5.231333333333334,1.7313333333333336
FR,2000Q4,3.75,4.904,1.154
FR,2001Q1,3.75,4.480333333333333,0.7303333333333333
FR,2001Q2,3.5,4.780333333333334,1.280333333333334
FR,2001Q3,3.0,4.322666666666667,1.3226666666666667
FR,2001Q4,2.25,4.131333333333333,1.881333333333333
FR,2002Q1,2.25,4.6659999999999995,2.4159999999999995
FR,2002Q2,2.25,4.719666666666667,2.469666666666667
FR,2002Q3,2.25,4.042000000000001,1.7920000000000007
FR,2002Q4,1.75,3.674333333333333,1.9243333333333328
FR,2003Q1,1.5,3.272,1.7719999999999998
FR,2003Q2,1.0,3.087666666666667,2.087666666666667
FR,2003Q3,1.0,3.363,2.363
FR,2003Q4,1.0,3.643666666666667,2.643666666666667
FR,2004Q1,1.0,3.253,2.253
FR,2004Q2,1.0,3.533666666666667,2.533666666666667
FR,2004Q3,1.0,3.4233333333333333,2.4233333333333333
FR,2004Q4,1.0,3.062333333333333,2.062333333333333
FR,2005Q1,1.0,3.0209999999999995,2.0209999999999995
FR,2005Q2,1.0,2.673,1.673
FR,2005Q3,1.0,2.6783333333333332,1.6783333333333332
FR,2005Q4,1.25,3.046666666666667,1.7966666666666669
FR,2006Q1,1.5,3.3906666666666667,1.8906666666666667
FR,2006Q2,1.75,3.744666666666667,1.9946666666666668
FR,2006Q3,2.0,3.648,1.6480000000000001
FR,2006Q4,2.5,3.7856666666666663,1.2856666666666663
FR,2007Q1,2.75,3.986666666666667,1.2366666666666668
FR,2007Q2,3.0,4.399,1.399
FR,2007Q3,3.0,4.251,1.2510000000000003
FR,2007Q4,3.0,4.103333333333333,1.1033333333333326
FR,2008Q1,3.0,3.636000000000001,0.636000000000001
FR,2008Q2,3.0,4.425666666666667,1.4256666666666673
FR,2008Q3,3.0,4.248666666666667,1.2486666666666668
FR,2008Q4,3.0,3.1010000000000004,0.10100000000000042
FR,2009Q1,1.0,2.705666666666666,1.7056666666666662
FR,2009Q2,0.25,2.738,2.488
FR,2009Q3,0.25,2.5766666666666667,2.3266666666666667
FR,2009Q4,0.25,2.466333333333333,2.216333333333333
FR,2010Q1,0.25,2.342,2.092
FR,2010Q2,0.25,1.8743333333333332,1.6243333333333332
FR,2010Q3,0.25,1.745,1.495
FR,2010Q4,0.25,2.0246666666666666,1.7746666666666666
FR,2011Q1,0.25,2.781333333333333,2.531333333333333
FR,2011Q2,0.5,2.705,2.205
FR,2011Q3,0.75,1.9513333333333336,1.2013333333333336
FR,2011Q4,0.25,2.068,1.818
FR,2012Q1,0.25,1.7700000000000002,1.5200000000000002
FR,2012Q2,0.25,1.4613333333333334,1.2113333333333334
FR,2012Q3,0.0,0.8693333333333334,0.8693333333333334
FR,2012Q4,0.0,0.8126666666666668,0.8126666666666668
FR,2013Q1,0.0,1.0413333333333332,1.0413333333333332
FR,2013Q2,0.0,0.931,0.931
FR,2013Q3,0.0,1.144,1.144
FR,2013Q4,0.0,1.0963333333333332,1.0963333333333332
FR,2014Q1,0.0,0.9793333333333332,0.9793333333333332
FR,2014Q2,-0.1,0.7046666666666667,0.8046666666666666
FR,2014Q3,-0.2,0.4183333333333334,0.6183333333333334
FR,2014Q4,-0.2,0.2506666666666666,0.4506666666666666
FR,2015Q1,-0.2,0.0293333333333333,0.2293333333333333
FR,2015Q2,-0.2,0.2133333333333333,0.41333333333333333
FR,2015Q3,-0.2,0.1983333333333333,0.3983333333333333
FR,2015Q4,-0.3,0.0616666666666666,0.3616666666666666
FR,2016Q1,-0.4,-0.1886666666666666,0.21133333333333343
FR,2016Q2,-0.4,-0.1966666666666666,0.20333333333333342
FR,2016Q3,-0.4,-0.4096666666666667,-0.009666666666666657
FR,2016Q4,-0.4,-0.2506666666666666,0.14933333333333343
FR,2017Q1,-0.4,-0.0096666666666666,0.3903333333333334
FR,2017Q2,-0.4,-0.1136666666666666,0.28633333333333344
FR,2017Q3,-0.4,-0.0996666666666666,0.30033333333333345
FR,2017Q4,-0.4,-0.1129999999999999,0.28700000000000014
FR,2018Q1,-0.4,0.0906666666666666,0.49066666666666664
FR,2018Q2,-0.4,-0.019,0.381
FR,2018Q3,-0.4,0.1063333333333333,0.5063333333333333
FR,2018Q4,-0.4,0.0536666666666666,0.4536666666666666
FR,2019Q1,-0.4,-0.127,0.273
FR,2019Q2,-0.4,-0.3863333333333333,0.013666666666666716
FR,2019Q3,-0.5,-0.677,-0.17700000000000005
FR,2019Q4,-0.5,-0.419,0.08100000000000002
FR,2020Q1,-0.5,-0.4666666666666667,0.033333333333333326
FR,2020Q2,-0.5,-0.4746666666666666,0.025333333333333374
FR,2020Q3,-0.5,-0.5616666666666666,-0.06166666666666665
FR,2020Q4,-0.5,-0.657,-0.15700000000000003
FR,2021Q1,-0.5,-0.4946666666666666,0.005333333333333412
FR,2021Q2,-0.5,-0.4183333333333333,0.08166666666666672
FR,2021Q3,-0.5,-0.5323333333333333,-0.032333333333333325
FR,2021Q4,-0.5,-0.3583333333333333,0.14166666666666672
FR,2022Q1,-0.5,0.2009999999999999,0.7009999999999998
FR,2022Q2,-0.5,1.109,1.609
FR,2022Q3,0.75,1.532333333333333,0.7823333333333331
FR,2022Q4,2.0,2.4563333333333333,0.45633333333333326
FR,2023Q1,3.0,2.7543333333333333,-0.2456666666666667
FR,2023Q2,3.5,2.722,-0.778
FR,2023Q3,4.0,2.9623333333333335,-1.0376666666666665
FR,2023Q4,4.0,2.662333333333333,-1.3376666666666668
FR,2024Q1,4.0,2.576,-1.424
FR,2024Q2,3.75,2.971,-0.7789999999999999
FR,2024Q3,3.5,2.6046666666666667,-0.8953333333333333
FR,2024Q4,3.25,2.6935,-0.5565000000000002
GB,2000Q1,6.0,6.114666666666667,0.11466666666666736
GB,2000Q2,6.0,5.713666666666666,-0.2863333333333342
GB,2000Q3,6.0,5.692,-0.30799999999999983
GB,2000Q4,6.0,5.3406666666666665,-0.6593333333333335
GB,2001Q1,5.75,5.0174666666666665,-0.7325333333333335
GB,2001Q2,5.25,5.3653,0.1153000000000004
GB,2001Q3,4.75,5.0778,0.32779999999999987
GB,2001Q4,4.0,4.778333333333333,0.7783333333333333
GB,2002Q1,4.0,5.110033333333333,1.110033333333333
GB,2002Q2,4.0,5.1831,1.1830999999999996
GB,2002Q3,4.0,4.485633333333333,0.48563333333333336
GB,2002Q4,4.0,4.347033333333333,0.3470333333333331
GB,2003Q1,3.75,3.9129333333333336,0.1629333333333336
GB,2003Q2,3.75,3.842166666666667,0.09216666666666695
GB,2003Q3,3.5,4.300433333333333,0.8004333333333333
GB,2003Q4,3.75,4.797466666666667,1.0474666666666668
GB,2004Q1,4.0,4.685433333333333,0.6854333333333331
GB,2004Q2,4.5,5.0249999999999995,0.5249999999999995
GB,2004Q3,4.75,4.9703333333333335,0.2203333333333335
GB,2004Q4,4.75,4.570666666666667,-0.17933333333333312
GB,2005Q1,4.75,4.675333333333334,-0.07466666666666644
GB,2005Q2,4.75,4.313,-0.4370000000000003
GB,2005Q3,4.5,4.174666666666667,-0.32533333333333303
GB,2005Q4,4.5,4.267,-0.23299999999999965
GB,2006Q1,4.5,4.347333333333334,-0.15266666666666584
GB,2006Q2,4.5,4.719,0.2190000000000003
GB,2006Q3,4.75,4.700333333333333,-0.04966666666666697
GB,2006Q4,5.0,4.928999999999999,-0.07100000000000062
GB,2007Q1,5.25,5.231,-0.019000000000000128
GB,2007Q2,5.5,5.511,0.01100000000000012
GB,2007Q3,5.75,5.165666666666667,-0.5843333333333334
GB,2007Q4,5.5,4.6786666666666665,-0.8213333333333335
GB,2008Q1,5.25,4.249333333333333,-1.0006666666666666
GB,2008Q2,5.0,4.923,-0.07699999999999996
GB,2008Q3,5.0,4.492666666666667,-0.5073333333333334
GB,2008Q4,2.0,3.145,1.145
GB,2009Q1,0.5,2.6123333333333334,2.1123333333333334
GB,2009Q2,0.5,2.5933333333333333,2.0933333333333333
GB,2009Q3,0.5,2.72,2.22
GB,2009Q4,0.5,2.7023333333333333,2.2023333333333333
GB,2010Q1,0.5,2.7383333333333333,2.2383333333333333
GB,2010Q2,0.5,2.3329999999999997,1.8329999999999997
GB,2010Q3,0.5,1.757,1.257
GB,2010Q4,0.5,1.9076666666666664,1.4076666666666664
GB,2011Q1,0.5,2.457666666666667,1.9576666666666669
GB,2011Q2,0.5,2.014,1.5139999999999998
GB,2011Q3,0.5,1.3363333333333334,0.8363333333333334
GB,2011Q4,0.5,1.1583333333333332,0.6583333333333332
GB,2012Q1,0.5,1.0013333333333334,0.5013333333333334
GB,2012Q2,0.5,0.8236666666666667,0.32366666666666666
GB,2012Q3,0.5,0.5713333333333334,0.07133333333333336
GB,2012Q4,0.5,0.8343333333333334,0.33433333333333337
GB,2013Q1,0.5,0.8266666666666667,0.32666666666666666
GB,2013Q2,0.5,1.01,0.51
GB,2013Q3,0.5,1.4489999999999998,0.9489999999999998
GB,2013Q4,0.5,1.623,1.123
GB,2014Q1,0.5,1.7456666666666667,1.2456666666666667
GB,2014Q2,0.5,1.9493333333333336,1.4493333333333336
GB,2014Q3,0.5,1.8296666666666663,1.3296666666666663
GB,2014Q4,0.5,1.3263333333333334,0.8263333333333334
GB,2015Q1,0.5,1.098,0.5980000000000001
GB,2015Q2,0.5,1.4153333333333336,0.9153333333333336
GB,2015Q3,0.5,1.3363333333333334,0.8363333333333334
GB,2015Q4,0.5,1.282,0.782
GB,2016Q1,0.5,0.8256666666666667,0.32566666666666666
GB,2016Q2,0.5,0.7426666666666666,0.2426666666666666
GB,2016Q3,0.25,0.2393333333333333,-0.010666666666666713
GB,2016Q4,,0.5613333333333334,
GB,2017Q1,,0.5746666666666667,
GB,2017Q2,,0.5633333333333334,
GB,2017Q3,,0.6086666666666667,
GB,2017Q4,,0.7736666666666666,
GB,2018Q1,,1.0953333333333333,
GB,2018Q2,,1.0313333333333332,
GB,2018Q3,,1.0883333333333332,
GB,2018Q4,,0.9553333333333331,
GB,2019Q1,,0.8806666666666666,
GB,2019Q2,,0.726,
GB,2019Q3,,0.3303333333333333,
GB,2019Q4,,0.519,
GB,2020Q1,,0.317,
GB,2020Q2,,0.0093333333333333,
GB,2020Q3,,-0.06,
GB,2020Q4,,-0.037,
GB,2021Q1,,0.2583333333333333,
GB,2021Q2,,0.3556666666666667,
GB,2021Q3,,0.408,
GB,2021Q4,,0.7563333333333334,
GB,2022Q1,,1.1966666666666663,
GB,2022Q2,,1.752,
GB,2022Q3,,2.912333333333333,
GB,2022Q4,,3.4953333333333334,
GB,2023Q1,,3.422,
GB,2023Q2,,4.121333333333333,
GB,2023Q3,,4.522333333333333,
GB,2023Q4,,4.0343333333333335,
GB,2024Q1,,3.875,
GB,2024Q2,,4.166,
GB,2024Q3,,3.8473333333333337,
IE,2000Q1,2.5,,
IE,2000Q2,3.25,,
IE,2000Q3,3.5,,
IE,2000Q4,3.75,,
IE,2001Q1,3.75,,
IE,2001Q2,3.5,,
IE,2001Q3,3.0,,
IE,2001Q4,2.25,,
IE,2002Q1,2.25,,
IE,2002Q2,2.25,,
IE,2002Q3,2.25,,
IE,2002Q4,1.75,,
IE,2003Q1,1.5,,
IE,2003Q2,1.0,,
IE,2003Q3,1.0,,
IE,2003Q4,1.0,,
IE,2004Q1,1.0,,
IE,2004Q2,1.0,,
IE,2004Q3,1.0,3.249,2.249
IE,2004Q4,1.0,2.9920000000000004,1.9920000000000004
IE,2005Q1,1.0,2.908,1.908
IE,2005Q2,1.0,2.483333333333333,1.483333333333333
IE,2005Q3,1.0,,
IE,2005Q4,1.25,2.911,1.661
IE,2006Q1,1.5,,
IE,2006Q2,1.75,,
IE,2006Q3,2.0,,
IE,2006Q4,2.5,,
IE,2007Q1,2.75,,
IE,2007Q2,3.0,,
IE,2007Q3,3.0,,
IE,2007Q4,3.0,4.188,1.1879999999999997
IE,2008Q1,3.0,3.708,0.7080000000000002
IE,2008Q2,3.0,4.499333333333333,1.4993333333333334
IE,2008Q3,3.0,4.331666666666666,1.331666666666666
IE,2008Q4,3.0,3.6826666666666665,0.6826666666666665
IE,2009Q1,1.0,4.684333333333334,3.684333333333334
IE,2009Q2,0.25,4.082333333333334,3.8323333333333336
IE,2009Q3,0.25,3.296666666666667,3.046666666666667
IE,2009Q4,0.25,3.2656666666666667,3.0156666666666667
IE,2010Q1,0.25,3.093,2.843
IE,2010Q2,0.25,3.6726666666666663,3.4226666666666663
IE,2010Q3,0.25,4.332,4.082
IE,2010Q4,0.25,7.191333333333333,6.941333333333333
IE,2011Q1,0.25,9.354,9.104
IE,2011Q2,0.5,12.612,12.112
IE,2011Q3,0.75,8.916333333333334,8.166333333333334
IE,2011Q4,0.25,8.444666666666667,8.194666666666667
IE,2012Q1,0.25,5.475666666666666,5.225666666666666
IE,2012Q2,0.25,6.054666666666667,5.804666666666667
IE,2012Q3,0.0,4.522666666666667,4.522666666666667
IE,2012Q4,0.0,3.407666666666666,3.407666666666666
IE,2013Q1,0.0,2.9499999999999997,2.9499999999999997
IE,2013Q2,0.0,2.532,2.532
IE,2013Q3,0.0,2.769666666666667,2.769666666666667
IE,2013Q4,0.0,2.2483333333333335,2.2483333333333335
IE,2014Q1,0.0,1.6306666666666665,1.6306666666666665
IE,2014Q2,-0.1,1.1526666666666667,1.2526666666666668
IE,2014Q3,-0.2,0.645,0.845
IE,2014Q4,-0.2,0.4683333333333333,0.6683333333333333
IE,2015Q1,-0.2,0.35,0.55
IE,2015Q2,-0.2,0.4616666666666666,0.6616666666666666
IE,2015Q3,-0.2,0.3423333333333334,0.5423333333333333
IE,2015Q4,-0.3,0.126,0.426
IE,2016Q1,-0.4,-0.01,0.39
IE,2016Q2,-0.4,-0.0733333333333333,0.3266666666666667
IE,2016Q3,-0.4,-0.2176666666666666,0.18233333333333343
IE,2016Q4,-0.4,-0.0693333333333333,0.3306666666666667
IE,2017Q1,-0.4,0.0483333333333333,0.4483333333333333
IE,2017Q2,-0.4,-0.0533333333333333,0.34666666666666673
IE,2017Q3,-0.4,-0.1133333333333333,0.28666666666666674
IE,2017Q4,-0.4,-0.0203333333333333,0.3796666666666667
IE,2018Q1,-0.4,0.1203333333333333,0.5203333333333333
IE,2018Q2,-0.4,-0.0343333333333333,0.3656666666666667
IE,2018Q3,-0.4,-0.032,0.368
IE,2018Q4,-0.4,-0.052,0.34800000000000003
IE,2019Q1,-0.4,-0.0019999999999999,0.39800000000000013
IE,2019Q2,-0.4,-0.2653333333333333,0.1346666666666667
IE,2019Q3,-0.5,-0.469,0.031000000000000028
IE,2019Q4,-0.5,-0.3433333333333333,0.15666666666666668
IE,2020Q1,-0.5,-0.3003333333333333,0.19966666666666671
IE,2020Q2,-0.5,-0.284,0.21600000000000003
IE,2020Q3,-0.5,-0.471,0.029000000000000026
IE,2020Q4,-0.5,-0.578,-0.07799999999999996
IE,2021Q1,-0.5,-0.4626666666666667,0.037333333333333274
IE,2021Q2,-0.5,-0.3693333333333333,0.1306666666666667
IE,2021Q3,-0.5,-0.505,-0.0050000000000000044
IE,2021Q4,-0.5,-0.2963333333333333,0.20366666666666672
IE,2022Q1,-0.5,0.2263333333333333,0.7263333333333333
IE,2022Q2,-0.5,1.061,1.561
IE,2022Q3,0.75,1.579666666666667,0.829666666666667
IE,2022Q4,2.0,2.4386666666666668,0.43866666666666676
IE,2023Q1,3.0,2.7403333333333335,-0.2596666666666665
IE,2023Q2,3.5,2.701333333333333,-0.7986666666666671
IE,2023Q3,4.0,2.935666666666666,-1.0643333333333338
IE,2023Q4,4.0,2.635,-1.3650000000000002
IE,2024Q1,4.0,2.5156666666666667,-1.4843333333333333
IE,2024Q2,3.75,2.8659999999999997,-0.8840000000000003
IE,2024Q3,3.5,2.3636666666666666,-1.1363333333333334
IE,2024Q4,3.25,2.3985000000000003,-0.8514999999999997
IT,2000Q1,2.5,5.297,2.7969999999999997
IT,2000Q2,3.25,5.378,2.128
IT,2000Q3,3.5,5.484333333333333,1.9843333333333328
IT,2000Q4,3.75,5.153333333333333,1.4033333333333333
IT,2001Q1,3.75,4.710333333333334,0.9603333333333337
IT,2001Q2,3.5,4.962666666666667,1.4626666666666672
IT,2001Q3,3.0,4.451666666666667,1.451666666666667
IT,2001Q4,2.25,4.162999999999999,1.9129999999999994
IT,2002Q1,2.25,4.849,2.599
IT,2002Q2,2.25,4.827,2.577
IT,2002Q3,2.25,4.062333333333334,1.812333333333334
IT,2002Q4,1.75,3.703333333333333,1.9533333333333331
IT,2003Q1,1.5,3.253,1.7530000000000001
IT,2003Q2,1.0,3.029666666666667,2.029666666666667
IT,2003Q3,1.0,3.3336666666666663,2.3336666666666663
IT,2003Q4,1.0,3.7023333333333337,2.7023333333333337
IT,2004Q1,1.0,3.237,2.237
IT,2004Q2,1.0,3.4713333333333334,2.4713333333333334
IT,2004Q3,1.0,3.339,2.339
IT,2004Q4,1.0,3.043333333333333,2.043333333333333
IT,2005Q1,1.0,2.9923333333333333,1.9923333333333333
IT,2005Q2,1.0,2.689666666666666,1.6896666666666662
IT,2005Q3,1.0,2.7116666666666664,1.7116666666666664
IT,2005Q4,1.25,3.1126666666666662,1.8626666666666662
IT,2006Q1,1.5,3.422,1.9220000000000002
IT,2006Q2,1.75,3.8936666666666664,2.1436666666666664
IT,2006Q3,2.0,3.7456666666666663,1.7456666666666663
IT,2006Q4,2.5,3.885333333333333,1.385333333333333
IT,2007Q1,2.75,4.075333333333333,1.325333333333333
IT,2007Q2,3.0,4.466333333333333,1.466333333333333
IT,2007Q3,3.0,4.380333333333334,1.3803333333333336
IT,2007Q4,3.0,4.2956666666666665,1.2956666666666665
IT,2008Q1,3.0,3.8556666666666666,0.8556666666666666
IT,2008Q2,3.0,4.648666666666667,1.6486666666666672
IT,2008Q3,3.0,4.627,1.6269999999999998
IT,2008Q4,3.0,3.985,0.9849999999999999
IT,2009Q1,1.0,3.3156666666666665,2.3156666666666665
IT,2009Q2,0.25,3.331,3.081
IT,2009Q3,0.25,2.9470000000000005,2.6970000000000005
IT,2009Q4,0.25,2.812,2.562
IT,2010Q1,0.25,2.8076666666666665,2.5576666666666665
IT,2010Q2,0.25,2.909333333333333,2.659333333333333
IT,2010Q3,0.25,2.704333333333333,2.454333333333333
IT,2010Q4,0.25,3.4480000000000004,3.1980000000000004
IT,2011Q1,0.25,3.8733333333333335,3.6233333333333335
IT,2011Q2,0.5,4.046,3.5460000000000003
IT,2011Q3,0.75,4.854333333333333,4.104333333333333
IT,2011Q4,0.25,6.562666666666666,6.312666666666666
IT,2012Q1,0.25,4.288666666666667,4.038666666666667
IT,2012Q2,0.25,5.109333333333333,4.859333333333333
IT,2012Q3,0.0,4.764333333333333,4.764333333333333
IT,2012Q4,0.0,3.5033333333333334,3.5033333333333334
IT,2013Q1,0.0,3.394666666666667,3.394666666666667
IT,2013Q2,0.0,3.1233333333333335,3.1233333333333335
IT,2013Q3,0.0,3.337666666666667,3.337666666666667
IT,2013Q4,0.0,2.7456666666666667,2.7456666666666667
IT,2014Q1,0.0,2.107,2.107
IT,2014Q2,-0.1,1.6136666666666668,1.713666666666667
IT,2014Q3,-0.2,1.168,1.3679999999999999
IT,2014Q4,-0.2,1.026333333333333,1.226333333333333
IT,2015Q1,-0.2,0.6856666666666666,0.8856666666666666
IT,2015Q2,-0.2,0.911,1.111
IT,2015Q3,-0.2,0.8153333333333334,1.0153333333333334
IT,2015Q4,-0.3,0.5353333333333333,0.8353333333333333
IT,2016Q1,-0.4,0.3683333333333333,0.7683333333333333
IT,2016Q2,-0.4,0.4019999999999999,0.8019999999999999
IT,2016Q3,-0.4,0.2686666666666666,0.6686666666666666
IT,2016Q4,-0.4,0.681,1.081
IT,2017Q1,-0.4,0.9546666666666668,1.3546666666666667
IT,2017Q2,-0.4,0.9423333333333334,1.3423333333333334
IT,2017Q3,-0.4,0.815,1.2149999999999999
IT,2017Q4,-0.4,0.599,0.999
IT,2018Q1,-0.4,0.7633333333333333,1.1633333333333333
IT,2018Q2,-0.4,1.4936666666666667,1.8936666666666668
IT,2018Q3,-0.4,2.2143333333333337,2.6143333333333336
IT,2018Q4,-0.4,2.2750000000000004,2.6750000000000003
IT,2019Q1,-0.4,1.572,1.972
IT,2019Q2,-0.4,1.5680000000000005,1.9680000000000004
IT,2019Q3,-0.5,0.4893333333333333,0.9893333333333333
IT,2019Q4,-0.5,0.496,0.996
IT,2020Q1,-0.5,0.5066666666666667,1.0066666666666668
IT,2020Q2,-0.5,0.9493333333333333,1.4493333333333331
IT,2020Q3,-0.5,0.4316666666666666,0.9316666666666666
IT,2020Q4,-0.5,-0.0213333333333333,0.4786666666666667
IT,2021Q1,-0.5,0.078,0.578
IT,2021Q2,-0.5,0.1336666666666666,0.6336666666666666
IT,2021Q3,-0.5,0.0123333333333333,0.5123333333333333
IT,2021Q4,-0.5,0.3533333333333333,0.8533333333333333
IT,2022Q1,-0.5,0.8863333333333333,1.3863333333333334
IT,2022Q2,-0.5,2.188333333333333,2.688333333333333
IT,2022Q3,0.75,2.9906666666666664,2.2406666666666664
IT,2022Q4,2.0,3.693,1.693
IT,2023Q1,3.0,3.739333333333333,0.7393333333333332
IT,2023Q2,3.5,3.747666666666667,0.24766666666666692
IT,2023Q3,4.0,3.839,-0.16100000000000003
IT,2023Q4,4.0,3.5866666666666664,-0.41333333333333355
IT,2024Q1,4.0,3.263666666666667,-0.7363333333333331
IT,2024Q2,3.75,3.4966666666666666,-0.2533333333333334
IT,2024Q3,3.5,2.9453333333333336,-0.5546666666666664
IT,2024Q4,3.25,3.0605,-0.18949999999999978
JP,2000Q1,0.0,0.993,0.993
JP,2000Q2,0.0,0.9833333333333334,0.9833333333333334
JP,2000Q3,0.25,1.088666666666667,0.8386666666666669
JP,2000Q4,0.25,0.9866666666666668,0.7366666666666668
JP,2001Q1,0.25,0.6699999999999999,0.41999999999999993
JP,2001Q2,0.0,0.4363333333333334,0.4363333333333334
JP,2001Q3,0.0,0.471,0.471
JP,2001Q4,0.0,0.5083333333333334,0.5083333333333334
JP,2002Q1,0.0,0.6266666666666666,0.6266666666666666
JP,2002Q2,0.0,0.475,0.475
JP,2002Q3,0.0,0.355,0.355
JP,2002Q4,0.0,0.2933333333333333,0.2933333333333333
JP,2003Q1,0.0,0.2566666666666666,0.2566666666666666
JP,2003Q2,0.0,0.245,0.245
JP,2003Q3,0.0,0.5750000000000001,0.5750000000000001
JP,2003Q4,0.0,0.62,0.62
JP,2004Q1,0.0,0.5366666666666667,0.5366666666666667
JP,2004Q2,0.0,0.7383333333333333,0.7383333333333333
JP,2004Q3,0.0,0.7413333333333334,0.7413333333333334
JP,2004Q4,0.0,0.6243333333333333,0.6243333333333333
JP,2005Q1,0.0,0.5913333333333334,0.5913333333333334
JP,2005Q2,0.0,0.4586666666666666,0.4586666666666666
JP,2005Q3,0.0,0.654,0.654
JP,2005Q4,0.0,0.8526666666666666,0.8526666666666666
JP,2006Q1,0.0,1.135,1.135
JP,2006Q2,0.0,1.4043333333333334,1.4043333333333334
JP,2006Q3,0.25,1.2416666666666667,0.9916666666666667
JP,2006Q4,0.25,1.241,0.9910000000000001
JP,2007Q1,0.5,1.2220000000000002,0.7220000000000002
JP,2007Q2,0.5,1.3696666666666666,0.8696666666666666
JP,2007Q3,0.5,1.2846666666666666,0.7846666666666666
JP,2007Q4,0.5,1.0683333333333334,0.5683333333333334
JP,2008Q1,0.5,0.8476666666666667,0.3476666666666667
JP,2008Q2,0.5,1.27,0.77
JP,2008Q3,0.5,1.0566666666666666,0.5566666666666666
JP,2008Q4,0.1,0.84,0.74
JP,2009Q1,0.1,0.7416666666666667,0.6416666666666667
JP,2009Q2,0.1,0.785,0.685
JP,2009Q3,0.1,0.64,0.54
JP,2009Q4,0.1,0.5596666666666666,0.45966666666666667
JP,2010Q1,0.1,0.5196666666666667,0.41966666666666674
JP,2010Q2,0.1,0.4186666666666667,0.31866666666666665
JP,2010Q3,0.1,0.295,0.19499999999999998
JP,2010Q4,0.05,0.3806666666666666,0.3306666666666666
JP,2011Q1,0.05,0.51,0.46
JP,2011Q2,0.05,0.4433333333333333,0.3933333333333333
JP,2011Q3,0.05,0.362,0.312
JP,2011Q4,0.05,0.371,0.321
JP,2012Q1,0.05,0.3203333333333333,0.2703333333333333
JP,2012Q2,0.05,0.231,0.181
JP,2012Q3,0.05,0.2016666666666666,0.15166666666666662
JP,2012Q4,0.05,0.1856666666666666,0.1356666666666666
JP,2013Q1,0.05,0.137,0.08700000000000001
JP,2013Q2,,0.31,
JP,2013Q3,,0.2669999999999999,
JP,2013Q4,,0.2113333333333333,
JP,2014Q1,,0.1963333333333333,
JP,2014Q2,,0.1813333333333333,
JP,2014Q3,,0.162,
JP,2014Q4,,0.0903333333333333,
JP,2015Q1,,0.0886666666666666,
JP,2015Q2,,0.0966666666666666,
JP,2015Q3,,0.0773333333333333,
JP,2015Q4,,0.039,
JP,2016Q1,,-0.1533333333333333,
JP,2016Q2,,-0.2436666666666666,
JP,2016Q3,,-0.221,
JP,2016Q4,-0.1,-0.1293333333333333,-0.029333333333333295
JP,2017Q1,-0.1,-0.1156666666666666,-0.015666666666666593
JP,2017Q2,-0.1,-0.11,-0.009999999999999995
JP,2017Q3,-0.1,-0.0896666666666666,0.010333333333333403
JP,2017Q4,-0.1,-0.1016666666666666,-0.0016666666666665941
JP,2018Q1,-0.1,-0.0969999999999999,0.0030000000000001
JP,2018Q2,-0.1,-0.1076666666666666,-0.0076666666666665995
JP,2018Q3,-0.1,-0.0773333333333333,0.02266666666666671
JP,2018Q4,-0.1,-0.1089999999999999,-0.008999999999999897
JP,2019Q1,-0.1,-0.1703333333333333,-0.0703333333333333
JP,2019Q2,-0.1,-0.205,-0.10499999999999998
JP,2019Q3,-0.1,-0.3166666666666666,-0.2166666666666666
JP,2019Q4,-0.1,-0.1896666666666666,-0.08966666666666659
JP,2020Q1,-0.1,-0.175,-0.07499999999999998
JP,2020Q2,-0.1,-0.125,-0.024999999999999994
JP,2020Q3,-0.1,-0.1016666666666666,-0.0016666666666665941
JP,2020Q4,-0.1,-0.1013333333333333,-0.0013333333333332975
JP,2021Q1,-0.1,-0.0836666666666666,0.016333333333333408
JP,2021Q2,-0.1,-0.0963333333333333,0.003666666666666707
JP,2021Q3,-0.1,-0.108,-0.007999999999999993
JP,2021Q4,-0.1,-0.0806666666666666,0.01933333333333341
JP,2022Q1,-0.1,0.008,0.10800000000000001
JP,2022Q2,-0.1,0.0096666666666666,0.1096666666666666
JP,2022Q3,-0.1,0.017,0.117
JP,2022Q4,-0.1,0.1416666666666667,0.2416666666666667
JP,2023Q1,-0.1,0.1656666666666666,0.2656666666666666
JP,2023Q2,-0.1,0.0853333333333333,0.1853333333333333
JP,2023Q3,-0.1,0.243,0.34299999999999997
JP,2023Q4,-0.1,0.3123333333333333,0.41233333333333333
JP,2024Q1,0.05,0.3446666666666667,0.2946666666666667
JP,2024Q2,0.05,0.5646666666666667,0.5146666666666666
JP,2024Q3,0.25,0.553,0.30300000000000005
NL,2000Q1,2.5,5.178333333333334,2.6783333333333337
NL,2000Q2,3.25,5.193,1.9429999999999996
NL,2000Q3,3.5,5.299,1.7990000000000004
NL,2000Q4,3.75,4.9366666666666665,1.1866666666666665
NL,2001Q1,3.75,4.5616666666666665,0.8116666666666665
NL,2001Q2,3.5,4.799666666666667,1.299666666666667
NL,2001Q3,3.0,4.407333333333333,1.4073333333333329
NL,2001Q4,2.25,4.242666666666667,1.9926666666666666
NL,2002Q1,2.25,4.749333333333333,2.4993333333333334
NL,2002Q2,2.25,4.738666666666667,2.488666666666667
NL,2002Q3,2.25,4.0183333333333335,1.7683333333333335
NL,2002Q4,1.75,3.735666666666667,1.985666666666667
NL,2003Q1,1.5,3.217333333333334,1.7173333333333338
NL,2003Q2,1.0,3.0879999999999996,2.0879999999999996
NL,2003Q3,1.0,3.4896666666666665,2.4896666666666665
NL,2003Q4,1.0,3.717333333333334,2.717333333333334
NL,2004Q1,1.0,3.2576666666666667,2.2576666666666667
NL,2004Q2,1.0,3.487666666666667,2.487666666666667
NL,2004Q3,1.0,3.264,2.264
NL,2004Q4,1.0,3.1483333333333334,2.1483333333333334
NL,2005Q1,1.0,3.0436666666666667,2.0436666666666667
NL,2005Q2,1.0,2.6093333333333333,1.6093333333333333
NL,2005Q3,1.0,2.6,1.6
NL,2005Q4,1.25,2.9909999999999997,1.7409999999999997
NL,2006Q1,1.5,3.3046666666666664,1.8046666666666664
NL,2006Q2,1.75,3.690333333333333,1.9403333333333328
NL,2006Q3,2.0,3.641666666666667,1.641666666666667
NL,2006Q4,2.5,3.7466666666666666,1.2466666666666666
NL,2007Q1,2.75,3.983333333333333,1.233333333333333
NL,2007Q2,3.0,4.348333333333333,1.3483333333333327
NL,2007Q3,3.0,4.253666666666667,1.2536666666666667
NL,2007Q4,3.0,4.1370000000000005,1.1370000000000005
NL,2008Q1,3.0,3.6126666666666662,0.6126666666666662
NL,2008Q2,3.0,4.403,1.4029999999999996
NL,2008Q3,3.0,4.188666666666667,1.1886666666666672
NL,2008Q4,3.0,3.131,0.13099999999999978
NL,2009Q1,1.0,2.9203333333333332,1.9203333333333332
NL,2009Q2,0.25,2.877333333333333,2.627333333333333
NL,2009Q3,0.25,2.603666666666667,2.353666666666667
NL,2009Q4,0.25,2.4716666666666662,2.2216666666666662
NL,2010Q1,0.25,2.328,2.078
NL,2010Q2,0.25,1.902,1.652
NL,2010Q3,0.25,1.6523333333333332,1.4023333333333332
NL,2010Q4,0.25,1.8553333333333333,1.6053333333333333
NL,2011Q1,0.25,2.553,2.303
NL,2011Q2,0.5,2.6646666666666667,2.1646666666666667
NL,2011Q3,0.75,1.7536666666666667,1.0036666666666667
NL,2011Q4,0.25,1.4296666666666666,1.1796666666666666
NL,2012Q1,0.25,1.2553333333333334,1.0053333333333334
NL,2012Q2,0.25,1.040333333333333,0.7903333333333331
NL,2012Q3,0.0,0.616,0.616
NL,2012Q4,0.0,0.5613333333333332,0.5613333333333332
NL,2013Q1,0.0,0.785,0.785
NL,2013Q2,0.0,0.7573333333333334,0.7573333333333334
NL,2013Q3,0.0,0.9526666666666666,0.9526666666666666
NL,2013Q4,0.0,0.7956666666666666,0.7956666666666666
NL,2014Q1,0.0,0.8533333333333334,0.8533333333333334
NL,2014Q2,-0.1,0.566,0.6659999999999999
NL,2014Q3,-0.2,0.2396666666666666,0.43966666666666665
NL,2014Q4,-0.2,0.188,0.388
NL,2015Q1,-0.2,-0.001,0.199
NL,2015Q2,-0.2,0.1526666666666666,0.3526666666666666
NL,2015Q3,-0.2,0.0993333333333333,0.29933333333333334
NL,2015Q4,-0.3,-0.0643333333333333,0.2356666666666667
NL,2016Q1,-0.4,-0.3346666666666666,0.06533333333333341
NL,2016Q2,-0.4,-0.306,0.09400000000000003
NL,2016Q3,-0.4,-0.513,-0.11299999999999999
NL,2016Q4,-0.4,-0.448,-0.04799999999999999
NL,2017Q1,-0.4,-0.288,0.11200000000000004
NL,2017Q2,-0.4,-0.2583333333333333,0.14166666666666672
NL,2017Q3,-0.4,-0.2483333333333333,0.15166666666666673
NL,2017Q4,-0.4,-0.288,0.11200000000000004
NL,2018Q1,-0.4,-0.08,0.32
NL,2018Q2,-0.4,-0.2096666666666666,0.1903333333333334
NL,2018Q3,-0.4,-0.237,0.16300000000000003
NL,2018Q4,-0.4,-0.104,0.29600000000000004
NL,2019Q1,-0.4,-0.264,0.136
NL,2019Q2,-0.4,-0.469,-0.06899999999999995
NL,2019Q3,-0.5,-0.742,-0.242
NL,2019Q4,-0.5,-0.5103333333333333,-0.010333333333333306
NL,2020Q1,-0.5,-0.6053333333333333,-0.10533333333333328
NL,2020Q2,-0.5,-0.5736666666666667,-0.07366666666666666
NL,2020Q3,-0.5,-0.6153333333333334,-0.1153333333333334
NL,2020Q4,-0.5,-0.7153333333333333,-0.21533333333333327
NL,2021Q1,-0.5,-0.6196666666666667,-0.1196666666666667
NL,2021Q2,-0.5,-0.496,0.0040000000000000036
NL,2021Q3,-0.5,-0.6306666666666666,-0.1306666666666666
NL,2021Q4,-0.5,-0.4573333333333333,0.042666666666666686
NL,2022Q1,-0.5,0.0706666666666666,0.5706666666666667
NL,2022Q2,-0.5,1.037,1.537
NL,2022Q3,0.75,1.4436666666666664,0.6936666666666664
NL,2022Q4,2.0,2.3226666666666667,0.32266666666666666
NL,2023Q1,3.0,2.6426666666666665,-0.3573333333333335
NL,2023Q2,3.5,2.609,-0.891
NL,2023Q3,4.0,2.831666666666667,-1.168333333333333
NL,2023Q4,4.0,2.549,-1.451
NL,2024Q1,4.0,2.459,-1.541
NL,2024Q2,3.75,2.771333333333333,-0.9786666666666668
NL,2024Q3,3.5,2.300333333333333,-1.1996666666666669
NL,2024Q4,3.25,2.364,-0.8860000000000001
SE,2000Q1,3.5,5.583333333333333,2.083333333333333
SE,2000Q2,3.75,5.315,1.5650000000000004
SE,2000Q3,3.75,5.185,1.4349999999999996
SE,2000Q4,3.75,4.756666666666667,1.0066666666666668
SE,2001Q1,4.0,4.41,0.41000000000000014
SE,2001Q2,4.0,4.958333333333333,0.958333333333333
SE,2001Q3,3.75,4.765000000000001,1.0150000000000006
SE,2001Q4,3.75,4.673333333333333,0.9233333333333329
SE,2002Q1,4.25,5.3,1.0499999999999998
SE,2002Q2,4.25,5.3183333333333325,1.0683333333333325
SE,2002Q3,4.5,4.746666666666666,0.24666666666666615
SE,2002Q4,4.5,4.441666666666666,-0.05833333333333357
SE,2003Q1,4.0,4.046666666666667,0.046666666666666856
SE,2003Q2,4.0,3.82,-0.18000000000000016
SE,2003Q3,3.0,4.051666666666667,1.0516666666666667
SE,2003Q4,3.0,4.3500000000000005,1.3500000000000005
SE,2004Q1,3.0,3.75,0.75
SE,2004Q2,3.0,3.9266666666666663,0.9266666666666663
SE,2004Q3,2.0,3.798333333333334,1.7983333333333338
SE,2004Q4,2.0,3.5016666666666665,1.5016666666666665
SE,2005Q1,2.0,3.143333333333333,1.143333333333333
SE,2005Q2,2.0,2.58,0.5800000000000001
SE,2005Q3,1.5,2.5833333333333335,1.0833333333333335
SE,2005Q4,1.5,3.0766666666666667,1.5766666666666667
SE,2006Q1,1.5,3.2899999999999996,1.7899999999999996
SE,2006Q2,1.5,3.67,2.17
SE,2006Q3,2.5,3.595,1.0950000000000002
SE,2006Q4,2.5,3.67,1.17
SE,2007Q1,3.0,3.923333333333334,0.9233333333333338
SE,2007Q2,3.0,4.315,1.3150000000000004
SE,2007Q3,3.5,4.2749999999999995,0.7749999999999995
SE,2007Q4,3.5,4.175999999999999,0.6759999999999993
SE,2008Q1,4.0,3.763,-0.2370000000000001
SE,2008Q2,4.0,4.353000000000001,0.35300000000000065
SE,2008Q3,4.5,4.077000000000001,-0.42299999999999915
SE,2008Q4,2.0,2.6083333333333334,0.6083333333333334
SE,2009Q1,2.0,2.2573333333333334,0.2573333333333334
SE,2009Q2,2.0,2.65,0.6499999999999999
SE,2009Q3,0.5,2.657666666666667,2.157666666666667
SE,2009Q4,0.5,2.58,2.08
SE,2010Q1,0.5,2.539,2.039
SE,2010Q2,0.5,2.1473333333333335,1.6473333333333335
SE,2010Q3,0.5,2.021,1.521
SE,2010Q4,0.5,2.518333333333333,2.018333333333333
SE,2011Q1,1.5,3.1183333333333336,1.6183333333333336
SE,2011Q2,1.5,2.8083333333333336,1.3083333333333336
SE,2011Q3,2.0,1.8123333333333331,-0.18766666666666687
SE,2011Q4,1.91,1.3043333333333331,-0.6056666666666668
SE,2012Q1,1.5,1.4429999999999998,-0.05700000000000016
SE,2012Q2,1.5,1.2036666666666669,-0.2963333333333331
SE,2012Q3,1.34,1.0153333333333332,-0.3246666666666669
SE,2012Q4,1.14,0.9793333333333332,-0.16066666666666674
SE,2013Q1,1.0,1.3626666666666667,0.3626666666666667
SE,2013Q2,1.0,1.4536666666666669,0.4536666666666669
SE,2013Q3,1.0,1.8116666666666668,0.8116666666666668
SE,2013Q4,1.0,1.6936666666666664,0.6936666666666664
SE,2014Q1,1.0,1.4906666666666666,0.4906666666666666
SE,2014Q2,1.0,1.0876666666666666,0.08766666666666656
SE,2014Q3,1.0,0.65,-0.35
SE,2014Q4,1.0,0.2923333333333333,-0.7076666666666667
SE,2015Q1,,0.1496666666666666,
SE,2015Q2,,0.2253333333333333,
SE,2015Q3,,0.0806666666666666,
SE,2015Q4,,0.1399999999999999,
SE,2016Q1,,-0.0943333333333333,
SE,2016Q2,,-0.1686666666666666,
SE,2016Q3,-0.5,-0.3703333333333333,0.1296666666666667
SE,2016Q4,-0.5,-0.2029999999999999,0.2970000000000001
SE,2017Q1,-0.5,-0.0373333333333333,0.46266666666666667
SE,2017Q2,-0.5,-0.0843333333333333,0.4156666666666667
SE,2017Q3,,-0.017,
SE,2017Q4,,-0.1453333333333333,
SE,2018Q1,,0.2026666666666666,
SE,2018Q2,,-0.0253333333333333,
SE,2018Q3,,0.0276666666666666,
SE,2018Q4,,0.0099999999999999,
SE,2019Q1,,-0.132,
SE,2019Q2,,-0.4186666666666667,
SE,2019Q3,,-0.6273333333333334,
SE,2019Q4,,-0.244,
SE,2020Q1,,-0.3716666666666666,
SE,2020Q2,,-0.2903333333333333,
SE,2020Q3,,-0.2813333333333334,
SE,2020Q4,,-0.3073333333333333,
SE,2021Q1,,-0.05,
SE,2021Q2,,0.014,
SE,2021Q3,,-0.092,
SE,2021Q4,,0.0479999999999999,
SE,2022Q1,,0.6103333333333333,
SE,2022Q2,,1.6413333333333335,
SE,2022Q3,,2.087,
SE,2022Q4,,2.3036666666666665,
SE,2023Q1,,2.482666666666667,
SE,2023Q2,,2.5546666666666664,
SE,2023Q3,,2.888,
SE,2023Q4,,2.530666666666667,
SE,2024Q1,,2.3396666666666666,
SE,2024Q2,,2.3993333333333333,
SE,2024Q3,,1.829,
US,2000Q1,6.0,6.531333333333333,0.5313333333333334
US,2000Q2,6.5,6.431,-0.06899999999999995
US,2000Q3,6.5,5.996,-0.5039999999999996
US,2000Q4,6.5,5.413666666666667,-1.0863333333333332
US,2001Q1,5.3065,4.665,-0.6414999999999997
US,2001Q2,3.9667,4.923333333333333,0.956633333333333
US,2001Q3,3.2667,4.236666666666667,0.9699666666666671
US,2001Q4,1.75,3.9569999999999994,2.2069999999999994
US,2002Q1,1.75,4.464333333333333,2.7143333333333333
US,2002Q2,1.75,4.276666666666667,2.5266666666666673
US,2002Q3,1.75,3.077666666666667,1.327666666666667
US,2002Q4,1.25,2.933666666666667,1.6836666666666669
US,2003Q1,1.25,2.769,1.5190000000000001
US,2003Q2,1.0,2.4843333333333333,1.4843333333333333
US,2003Q3,1.0,3.165666666666666,2.165666666666666
US,2003Q4,1.0,3.2306666666666666,2.2306666666666666
US,2004Q1,1.0,2.9523333333333333,1.9523333333333333
US,2004Q2,1.25,3.693666666666666,2.443666666666666
US,2004Q3,1.75,3.4450000000000003,1.6950000000000003
US,2004Q4,2.25,3.5239999999999996,1.2739999999999996
US,2005Q1,2.75,3.9623333333333335,1.2123333333333335
US,2005Q2,3.25,3.780666666666667,0.5306666666666668
US,2005Q3,3.75,4.0633333333333335,0.31333333333333346
US,2005Q4,4.25,4.41,0.16000000000000014
US,2006Q1,4.75,4.627,-0.12300000000000022
US,2006Q2,5.25,5.016666666666667,-0.2333333333333334
US,2006Q3,5.25,4.729333333333333,-0.520666666666667
US,2006Q4,5.25,4.569333333333334,-0.6806666666666663
US,2007Q1,5.25,4.626666666666667,-0.6233333333333331
US,2007Q2,5.25,4.766666666666667,-0.4833333333333334
US,2007Q3,4.75,4.356,-0.39400000000000013
US,2007Q4,4.25,3.676,-0.5739999999999998
US,2008Q1,2.25,2.5623333333333336,0.3123333333333336
US,2008Q2,2.0,3.2616666666666667,1.2616666666666667
US,2008Q3,2.0,3.1093333333333333,1.1093333333333333
US,2008Q4,0.125,2.0966666666666667,1.9716666666666667
US,2009Q1,0.125,1.8473333333333333,1.7223333333333333
US,2009Q2,0.125,2.3053333333333335,2.1803333333333335
US,2009Q3,0.125,2.406,2.281
US,2009Q4,0.125,2.3316666666666666,2.2066666666666666
US,2010Q1,0.125,2.3946666666666667,2.2696666666666667
US,2010Q2,0.125,2.098333333333333,1.9733333333333332
US,2010Q3,0.125,1.4006666666666667,1.2756666666666667
US,2010Q4,0.125,1.5476666666666663,1.4226666666666663
US,2011Q1,0.125,2.118333333333333,1.9933333333333332
US,2011Q2,0.125,1.8113333333333337,1.6863333333333337
US,2011Q3,0.125,1.092,0.9670000000000001
US,2011Q4,0.125,0.9186666666666666,0.7936666666666666
US,2012Q1,0.125,0.87,0.745
US,2012Q2,0.125,0.7286666666666667,0.6036666666666667
US,2012Q3,0.125,0.5996666666666667,0.4746666666666667
US,2012Q4,0.125,0.6883333333333334,0.5633333333333334
US,2013Q1,0.125,0.805,0.68
US,2013Q2,0.125,1.0326666666666666,0.9076666666666666
US,2013Q3,0.125,1.4723333333333333,1.3473333333333333
US,2013Q4,0.125,1.482,1.357
US,2014Q1,0.125,1.5716666666666663,1.4466666666666663
US,2014Q2,0.125,1.6163333333333334,1.4913333333333334
US,2014Q3,0.125,1.7153333333333334,1.5903333333333334
US,2014Q4,0.125,1.5853333333333337,1.4603333333333337
US,2015Q1,0.125,1.3416666666666668,1.2166666666666668
US,2015Q2,0.125,1.5186666666666666,1.3936666666666666
US,2015Q3,0.125,1.479,1.354
US,2015Q4,0.375,1.642,1.267
US,2016Q1,0.375,1.251,0.8759999999999999
US,2016Q2,0.375,1.225,0.8500000000000001
US,2016Q3,0.375,1.1216666666666668,0.7466666666666668
US,2016Q4,0.625,1.696,1.071
US,2017Q1,0.875,1.9276666666666664,1.0526666666666664
US,2017Q2,1.125,1.8196666666666663,0.6946666666666663
US,2017Q3,1.125,1.827,0.702
US,2017Q4,1.375,2.121,0.746
US,2018Q1,1.625,2.576333333333333,0.9513333333333329
US,2018Q2,1.875,2.747,0.8719999999999999
US,2018Q3,2.125,2.847,0.722
US,2018Q4,2.375,2.7703333333333333,0.3953333333333333
US,2019Q1,2.375,2.3973333333333335,0.022333333333333538
US,2019Q2,2.375,1.9873333333333332,-0.3876666666666668
US,2019Q3,1.875,1.5863333333333334,-0.2886666666666666
US,2019Q4,1.625,1.6116666666666666,-0.01333333333333342
US,2020Q1,0.125,0.8803333333333333,0.7553333333333333
US,2020Q2,0.125,0.3193333333333333,0.1943333333333333
US,2020Q3,0.125,0.252,0.127
US,2020Q4,0.125,0.3696666666666666,0.2446666666666666
US,2021Q1,0.125,0.698,0.573
US,2021Q2,0.125,0.8426666666666667,0.7176666666666667
US,2021Q3,0.125,0.8130000000000001,0.6880000000000001
US,2021Q4,0.125,1.2053333333333331,1.0803333333333331
US,2022Q1,0.375,1.9306666666666663,1.5556666666666663
US,2022Q2,1.625,2.942,1.3170000000000002
US,2022Q3,3.125,3.373666666666667,0.2486666666666668
US,2022Q4,4.375,3.994,-0.3809999999999998
US,2023Q1,4.875,3.796,-1.0790000000000002
US,2023Q2,5.125,3.8043333333333336,-1.3206666666666664
US,2023Q3,5.375,4.349666666666667,-1.0253333333333332
US,2023Q4,5.375,4.3196666666666665,-1.0553333333333335
US,2024Q1,5.375,4.103666666666666,-1.2713333333333336
US,2024Q2,5.375,4.531,-0.8440000000000003
US,2024Q3,4.875,3.7296666666666662,-1.1453333333333338
