Country,Quarter,GDP,Exchange Rate,GDP_USD
United States,2024Q3,7337481,1,7337481
United States,2024Q2,7254178.5,1,7254178.5
United States,2024Q1,7156017.5,1,7156017.5
United States,2023Q4,7074242,1,7074242
United States,2023Q3,6991924.5,1,6991924.5
United States,2023Q2,6863454,1,6863454
United States,2023Q1,6791090,1,6791090
United States,2022Q4,6683569.5,1,6683569.5
United States,2022Q3,6568003,1,6568003
United States,2022Q2,6451448,1,6451448
United States,2022Q1,6303873,1,6303873
United States,2021Q4,6194259.5,1,6194259.5
United States,2021Q3,5980498,1,5980498
United States,2021Q2,5842215.5,1,5842215.5
United States,2021Q1,5664198.5,1,5664198.5
United States,2020Q4,5517192,1,5517192
United States,2019Q4,5483304.5,1,5483304.5
United States,2020Q1,5431914.5,1,5431914.5
United States,2019Q3,5429293,1,5429293
United States,2020Q3,5421138,1,5421138
United States,2019Q2,5349484.5,1,5349484.5
United States,2019Q1,5277900,1,5277900
United States,2018Q4,5229467,1,5229467
United States,2018Q3,5199682.5,1,5199682.5
United States,2018Q2,5145228,1,5145228
United States,2018Q1,5082138.5,1,5082138.5
United States,2017Q4,5009272,1,5009272
United States,2020Q2,4983861,1,4983861
United States,2017Q3,4923149,1,4923149
United States,2017Q2,4859661,1,4859661
United States,2017Q1,4820021,1,4820021
United States,2016Q4,4772345,1,4772345
United States,2016Q3,4723160,1,4723160
United States,2016Q2,4677925.5,1,4677925.5
United States,2016Q1,4631483.5,1,4631483.5
United States,2015Q4,4608784.5,1,4608784.5
United States,2015Q3,4600406.5,1,4600406.5
United States,2015Q2,4569946,1,4569946
United States,2015Q1,4515882.5,1,4515882.5
United States,2014Q4,4478020,1,4478020
United States,2014Q3,4451057,1,4451057
United States,2014Q2,4379627,1,4379627
United States,2014Q1,4299434.5,1,4299434.5
United States,2013Q4,4298005,1,4298005
United States,2013Q3,4238459.5,1,4238459.5
United States,2013Q2,4182171.75,1,4182171.75
United States,2013Q1,4162047.25,1,4162047.25
United States,2012Q4,4105104.75,1,4105104.75
United States,2012Q3,4079885.25,1,4079885.25
United States,2012Q2,4051778.75,1,4051778.75
United States,2012Q1,4017201.25,1,4017201.25
United States,2011Q4,3960564.75,1,3960564.75
United States,2011Q3,3911920,1,3911920
United States,2011Q2,3889384.75,1,3889384.75
United States,2011Q1,3837862,1,3837862
United States,2010Q4,3827368.5,1,3827368.5
United States,2010Q3,3785401.75,1,3785401.75
United States,2010Q2,3745048.25,1,3745048.25
United States,2008Q3,3724749.75,1,3724749.75
United States,2008Q2,3716425.25,1,3716425.25
United States,2010Q1,3691152.5,1,3691152.5
United States,2007Q4,3678764.5,1,3678764.5
United States,2008Q1,3676634.5,1,3676634.5
United States,2009Q4,3662812.25,1,3662812.25
United States,2008Q4,3652052.25,1,3652052.25
United States,2007Q3,3641029.25,1,3641029.25
United States,2009Q3,3612220.5,1,3612220.5
United States,2009Q1,3607725.5,1,3607725.5
United States,2007Q2,3600520.5,1,3600520.5
United States,2009Q2,3595309,1,3595309
United States,2007Q1,3553912.75,1,3553912.75
United States,2006Q4,3509890,1,3509890
United States,2006Q3,3467547,1,3467547
United States,2006Q2,3438356,1,3438356
United States,2006Q1,3399790,1,3399790
United States,2005Q4,3331051,1,3331051
United States,2005Q3,3285660.5,1,3285660.5
United States,2005Q2,3230664,1,3230664
United States,2005Q1,3191821.5,1,3191821.5
United States,2004Q4,3131803.5,1,3131803.5
United States,2004Q3,3076326.75,1,3076326.75
United States,2004Q2,3028203.75,1,3028203.75
United States,2004Q1,2980861.75,1,2980861.75
United States,2003Q4,2943058.5,1,2943058.5
United States,2003Q3,2891667.25,1,2891667.25
United States,2003Q2,2828191.5,1,2828191.5
United States,2003Q1,2793532.25,1,2793532.25
United States,2002Q4,2765358.25,1,2765358.25
United States,2002Q3,2746010,1,2746010
United States,2002Q2,2721865,1,2721865
United States,2002Q1,2695875,1,2695875
United States,2001Q4,2665116.25,1,2665116.25
United States,2001Q2,2649750,1,2649750
United States,2001Q3,2649505,1,2649505
United States,2001Q1,2617557.75,1,2617557.75
United States,2000Q4,2608936,1,2608936
United States,2000Q3,2579541.25,1,2579541.25
United States,2000Q2,2561930,1,2561930
United States,2000Q1,2500544.75,1,2500544.75
Japan,2011Q3,125267624,76.78666667,1631372.078
Japan,2011Q4,125061872,77.54666667,1612730.468
Japan,2012Q3,124393624,78.12666667,1592204.42
Japan,2012Q1,126854728,80.06666667,1584363.797
Japan,2012Q2,125055528,79.3,1576992.787
Japan,2010Q4,126323448,81.75,1545240.954
Japan,2011Q1,124662752,82.33666667,1514061.196
Japan,2011Q2,122682248,81.08333333,1513039.03
Japan,2010Q3,127732152,84.70333333,1507994.396
Japan,2012Q4,124308072,82.98333333,1497988.415
Japan,2010Q2,126247072,91.16333333,1384844.843
Japan,2009Q4,124116128,89.79333333,1382242.126
Japan,2010Q1,125376152,90.88333333,1379528.538
Japan,2008Q4,129216176,94.86,1362177.693
Japan,2013Q1,125729024,92.81333333,1354643.988
Japan,2009Q3,123401824,92.49333333,1334169.929
Japan,2016Q3,135883744,102.2666667,1328719.791
Japan,2020Q4,137273056,104.05,1319298.952
Japan,2013Q3,128222800,98.07333333,1307417.579
Japan,2019Q3,140351008,107.6966667,1303206.611
Japan,2008Q1,134403504,103.3533333,1300427.375
Japan,2018Q1,139570848,107.3666667,1299945.806
Japan,2009Q1,123061696,95.46666667,1289054.078
Japan,2009Q2,124472096,96.73666667,1286710.616
Japan,2019Q2,140274896,109.1833333,1284764.732
Japan,2021Q1,137755328,107.32,1283594.186
Japan,2020Q1,138566720,107.9933333,1283104.389
Japan,2013Q2,126896848,98.99666667,1281829.503
Japan,2020Q3,135077648,105.74,1277450.804
Japan,2004Q4,132476848,103.7233333,1277213.562
Japan,2018Q2,139792448,109.6,1275478.54
Japan,2016Q2,135878656,106.76,1272748.745
Japan,2014Q2,129492224,101.7733333,1272359.072
Japan,2008Q2,133411048,105.19,1268286.415
Japan,2019Q1,139650224,110.36,1265406.162
Japan,2019Q4,137555104,108.7133333,1265301.134
Japan,2014Q1,129144824,102.34,1261919.328
Japan,2005Q1,132479504,105.12,1260269.254
Japan,2021Q2,138433696,109.97,1258831.463
Japan,2013Q4,128118048,102.02,1255813.056
Japan,2017Q3,139253680,110.8933333,1255744.379
Japan,2021Q3,137868704,110.33,1249603.045
Japan,2000Q2,133838648,107.29,1247447.553
Japan,2004Q1,132341072,106.35,1244391.838
Japan,2000Q1,133783904,107.68,1242421.1
Japan,2018Q3,138810432,112.1866667,1237316.663
Japan,2000Q3,133609952,108.0533333,1236518.559
Japan,2018Q4,138377600,111.9833333,1235698.169
Japan,2017Q2,137701200,111.5433333,1234508.562
Japan,2017Q4,139193024,112.9366667,1232487.447
Japan,2005Q2,132833248,108.0033333,1229899.522
Japan,2014Q3,129567904,105.4933333,1228209.403
Japan,2021Q4,139284128,114.07,1221040.835
Japan,2017Q1,136898032,112.3033333,1219002.392
Japan,2008Q3,130808200,107.5566667,1216179.378
Japan,2016Q4,136125680,112.04,1214973.938
Japan,2000Q4,134460848,111.2633333,1208491.998
Japan,2003Q4,131599128,109.0033333,1207294.529
Japan,2004Q2,131912624,109.6066667,1203509.13
Japan,2004Q3,132622152,110.21,1203358.606
Japan,2020Q2,128486528,107.62,1193890.801
Japan,2007Q4,134190424,112.62,1191532.801
Japan,2005Q3,133651272,112.2233333,1190940.137
Japan,2022Q1,139274272,117.25,1187840.273
Germany,2024Q3,1079077,0.908966667,1187146.943
Japan,2016Q1,136305456,115.4166667,1180985.9
Japan,2006Q2,133500648,113.6266667,1174905.961
Germany,2024Q1,1068064,0.9253,1154289.42
Germany,2024Q2,1073823,0.930866667,1153573.372
Japan,2007Q3,134127624,116.3333333,1152959.519
Germany,2023Q4,1063813,0.9232,1152310.442
Japan,2006Q4,134968672,117.25,1151118.738
Japan,2006Q1,133635928,116.9,1143164.482
Japan,2006Q3,133068624,116.7433333,1139839.169
Japan,2007Q1,135490304,118.97,1138861.091
Germany,2023Q3,1052400,0.9257,1136869.396
Japan,2005Q4,133681248,118.0533333,1132380.122
Germany,2023Q2,1041192,0.919566667,1132263.747
Japan,2001Q1,135638080,120.0833333,1129532.935
Japan,2003Q3,131092928,116.3233333,1126970.181
Japan,2015Q1,133671976,119.0233333,1123073.705
Japan,2014Q4,130518600,116.8633333,1116848.17
Japan,2007Q2,135516928,121.4566667,1115763.603
Japan,2015Q4,134819456,121.33,1111179.89
Japan,2015Q3,134970944,121.66,1109411.014
Germany,2023Q1,1029719,0.929333333,1108019.01
Japan,2015Q2,134569328,121.98,1103208.132
Japan,2003Q2,131133352,119.32,1099005.632
Japan,2003Q1,130342600,118.6833333,1098238.45
Japan,2023Q1,145814752,133.0266667,1096131.743
Japan,2002Q3,131047472,119.9366667,1092638.937
Germany,2021Q2,907732,0.830933333,1092424.583
Germany,2021Q3,928453,0.850733333,1091356.085
Japan,2001Q2,133564952,122.53,1090059.186
Japan,2001Q3,131755448,121.11,1087899.001
Japan,2002Q4,131104752,121.1666667,1082019.961
Germany,2021Q4,944587,0.875333333,1079116.908
Germany,2022Q1,962521,0.894766667,1075722.907
Japan,2022Q2,140314624,131.4133333,1067735.065
Japan,2023Q2,148676368,139.98,1062125.789
Germany,2021Q1,886534,0.834766667,1062014.136
Japan,2002Q2,131062024,124.0666667,1056383.858
Germany,2020Q4,884210,0.8383,1054765.597
Germany,2018Q1,848873,0.8121,1045281.369
Germany,2022Q4,1012073,0.968733333,1044738.49
Japan,2001Q4,130981624,125.8666667,1040637.903
Germany,2022Q2,979029,0.944466667,1036594.551
Germany,2020Q3,867876,0.846533333,1025211.844
Japan,2022Q4,142500192,139.2833333,1023095.79
Germany,2014Q2,743732,0.7283,1021189.07
Japan,2023Q3,148671552,145.72,1020254.955
Japan,2023Q4,149700224,146.9733333,1018553.642
Germany,2008Q2,648911,0.639266667,1015086.558
Germany,2018Q2,858518,0.8462,1014556.842
Germany,2014Q1,739579,0.730633333,1012243.715
Germany,2017Q4,849672,0.8439,1006839.673
Japan,2022Q3,139778896,138.9666667,1005844.778
Japan,2024Q1,149272848,149.39,999215.7976
Germany,2018Q3,857751,0.859433333,998042.5086
Germany,2022Q3,993638,0.997433333,996194.9002
Germany,2019Q4,894560,0.898566667,995541.0469
Germany,2017Q3,839104,0.843366667,994945.6543
Germany,2019Q1,876831,0.8814,994816.2015
Germany,2011Q2,682605,0.686433333,994422.8621
Germany,2008Q1,650584,0.6552,992954.823
Germany,2019Q2,880886,0.888333333,991616.5103
Germany,2013Q4,726713,0.733033333,991377.8364
Germany,2018Q4,870762,0.8797,989839.7181
Japan,2002Q1,131364928,133.5933333,983319.487
Germany,2014Q3,748941,0.7666,976964.5187
Germany,2019Q3,888719,0.9099,976721.6178
Germany,2020Q1,881485,0.904833333,974195.9845
Germany,2011Q3,689743,0.7123,968332.1634
Germany,2013Q3,722976,0.749,965255.0067
Japan,2024Q2,151895104,158.6566667,957382.4233
Germany,2008Q3,647237,0.676833333,956272.3467
Germany,2011Q1,678984,0.7202,942771.4524
Germany,2007Q4,645175,0.686433333,939894.6244
Germany,2014Q4,757584,0.809266667,936136.4198
Germany,2013Q2,715914,0.765666667,935020.4615
Germany,2009Q4,633169,0.6814,929217.7869
Germany,2013Q1,706429,0.760466667,928941.4395
Germany,2011Q4,692716,0.746033333,928532.2372
Germany,2017Q2,828769,0.8939,927138.3824
Germany,2012Q1,695160,0.7547,921107.7249
Germany,2012Q4,704529,0.766033333,919710.6305
Germany,2009Q3,625185,0.694233333,900540.1642
Germany,2020Q2,809073,0.901166667,897806.1772
Germany,2016Q3,799546,0.8934,894947.392
Germany,2010Q4,666286,0.744733333,894663.8618
Germany,2016Q2,795551,0.8904,893475.9659
Germany,2012Q2,697813,0.784666667,889311.3849
Germany,2012Q3,704128,0.795066667,885621.3315
Germany,2007Q3,638905,0.721866667,885073.4208
United Kingdom,2024Q2,694324,0.791966667,876708.6157
Germany,2017Q1,817727,0.936566667,873111.3642
Germany,2016Q1,790245,0.9069,871369.5005
Germany,2010Q1,636889,0.7317,870423.6709
United Kingdom,2024Q1,688138,0.7907,870289.6168
Germany,2010Q3,659322,0.7625,864684.5902
Germany,2015Q3,774686,0.898666667,862039.3175
Germany,2016Q4,805544,0.935166667,861390.8394
Germany,2007Q2,633420,0.738233333,858021.4024
Germany,2015Q2,768808,0.899466667,854737.6223
Germany,2009Q2,618792,0.725066667,853427.7308
United Kingdom,2023Q3,678310,0.795766667,852398.1066
United Kingdom,2023Q2,673914,0.7955,847157.7624
United Kingdom,2023Q4,677169,0.800033333,846425.9823
Germany,2015Q4,779866,0.925233333,842885.7585
Germany,2015Q1,759537,0.9035,840660.7637
Germany,2008Q4,639642,0.762633333,838728.0913
Germany,2007Q1,628126,0.757166667,829574.2901
Germany,2010Q2,648116,0.794,816267.0025
Germany,2006Q4,621405,0.765366667,811904.9693
United Kingdom,2022Q1,608329,0.749866667,811249.5555
France,2024Q3,737122.2,0.908966667,810945.2492
United Kingdom,2021Q4,596674,0.7403,805989.4637
United Kingdom,2023Q1,657793,0.817966667,804180.692
United Kingdom,2007Q4,392047,0.4902,799769.4818
United Kingdom,2021Q3,581506,0.729366667,797275.2616
United Kingdom,2008Q2,400881,0.503166667,796716.1312
Germany,2009Q1,615774,0.7755,794034.8162
United Kingdom,2021Q2,567887,0.716733333,792326.7603
United Kingdom,2007Q3,389228,0.4925,790310.6599
United Kingdom,2008Q1,397548,0.5035,789569.0169
France,2024Q1,725122.5,0.9253,783662.0555
France,2024Q2,728629.7,0.930866667,782743.3574
United Kingdom,2014Q2,461616,0.591333333,780635.8512
France,2008Q2,499004.1,0.639266667,780588.3304
France,2023Q4,719756.1,0.9232,779631.8241
United Kingdom,2014Q3,470454,0.603733333,779241.3869
Germany,2006Q3,609737,0.7845,777230.0829
United Kingdom,2022Q2,621272,0.803233333,773463.9167
United Kingdom,2007Q2,386313,0.5009,771237.772
Germany,2006Q2,603870,0.784566667,769686.0263
France,2023Q3,710526.3,0.9257,767555.6876
United Kingdom,2022Q4,645805,0.842466667,766564.4536
France,2023Q2,704744.8,0.919566667,766387.9363
France,2008Q1,499088.5,0.6552,761734.5849
United Kingdom,2014Q1,457992,0.601833333,760994.7383
Germany,2004Q4,572646,0.757366667,756101.404
Germany,2005Q1,574332,0.764733333,751022.5787
France,2021Q3,637165.2,0.850733333,748959.9561
France,2011Q2,513515.9,0.686433333,748092.8956
France,2023Q1,691348.8,0.929333333,743919.0818
United Kingdom,2014Q4,472452,0.6353,743667.5586
United Kingdom,2008Q3,399970,0.538033333,743392.6027
United Kingdom,2018Q1,531266,0.7148,743237.2692
France,2021Q2,617539.6,0.830933333,743187.9012
United Kingdom,2021Q1,538012,0.724266667,742836.8925
United Kingdom,2007Q1,377049,0.508766667,741103.9769
United Kingdom,2019Q4,565789,0.7664,738242.4322
United Kingdom,2013Q4,452248,0.612666667,738163.2209
France,2014Q2,537448.7,0.7283,737949.6087
United Kingdom,2015Q3,479885,0.650866667,737301.5467
United Kingdom,2015Q2,476582,0.6472,736375.1545
France,2008Q3,498156.5,0.676833333,736010.5885
France,2021Q4,643935.9,0.875333333,735646.4966
United Kingdom,2022Q3,630575,0.859233333,733880.9792
France,2014Q1,535454.4,0.730633333,732863.3606
United Kingdom,2015Q4,485246,0.663533333,731306.1389
France,2013Q4,533940.6,0.733033333,728398.7995
France,2021Q1,606955.5,0.834766667,727095.9949
France,2022Q1,650061.9,0.894766667,726515.5534
United Kingdom,2006Q4,372847,0.514533333,724631.3812
France,2011Q3,515719.7,0.7123,724020.3566
United Kingdom,2019Q1,549394,0.761266667,721684.0354
United Kingdom,2018Q2,535608,0.7449,719033.4273
France,2018Q1,583094.6,0.8121,718008.3734
Germany,2005Q2,577809,0.805133333,717656.2888
France,2020Q4,601515.8,0.8383,717542.4073
France,2009Q4,488820,0.6814,717375.9906
United Kingdom,2015Q1,474738,0.662033333,717090.7809
United Kingdom,2020Q4,538694,0.751366667,716952.2204
France,2007Q4,491091.3,0.686433333,715424.6103
Germany,2006Q1,592026,0.828933333,714202.1876
United Kingdom,2020Q1,556179,0.7808,712319.416
United Kingdom,2017Q4,529772,0.743933333,712122.9501
France,2011Q1,512552.3,0.7202,711680.5054
United Kingdom,2019Q2,555948,0.782,710930.9463
Germany,2005Q3,583094,0.821866667,709475.1785
France,2013Q3,531010.7,0.749,708959.5461
France,2014Q3,541519.7,0.7666,706391.4688
France,2020Q3,596854.9,0.846533333,705057.765
Germany,2004Q1,567314,0.804866667,704854.6343
United Kingdom,2018Q3,540123,0.766733333,704447.0046
United Kingdom,2013Q3,448727,0.639966667,701172.4569
United Kingdom,2020Q3,533668,0.761866667,700474.2737
France,2022Q4,678437.1,0.968733333,700334.2165
Germany,2004Q3,572428,0.819166667,698793.0824
United Kingdom,2012Q4,433067,0.619933333,698570.2764
United Kingdom,2006Q3,370883,0.531566667,697716.8119
Germany,2005Q4,587251,0.842166667,697309.717
United Kingdom,2016Q2,493941,0.708666667,697000.4704
France,2009Q3,483322.1,0.694233333,696195.4674
France,2011Q4,519336,0.746033333,696129.7529
United Kingdom,2018Q4,545307,0.783533333,695958.9041
Germany,2004Q2,573574,0.8252,695072.7096
France,2022Q2,656132.1,0.944466667,694711.7597
France,2013Q2,531704.5,0.765666667,694433.3914
United Kingdom,2016Q1,489730,0.705466667,694192.9692
Brazil,2011Q2,1091356.25,1.573233333,693702.7247
France,2013Q1,526301.9,0.760466667,692077.5401
France,2018Q2,585111.8,0.8462,691458.0477
France,2012Q1,520618.3,0.7547,689834.7688
France,2017Q4,581145.6,0.8439,688642.7302
France,2018Q3,591520.2,0.859433333,688267.6958
United Kingdom,2017Q3,521219,0.7588,686899.0511
United Kingdom,2019Q3,562790,0.819366667,686859.7697
France,2019Q2,609393.7,0.888333333,685996.6604
France,2019Q1,604123,0.8814,685412.9794
United Kingdom,2012Q3,430937,0.628866667,685259.7265
France,2017Q3,576452.2,0.843366667,683513.1418
France,2012Q4,523426.9,0.766033333,683295.2004
Germany,2003Q4,566012,0.830466667,681558.9628
France,2018Q4,597233,0.8797,678905.3086
France,2019Q4,609812.4,0.898566667,678650.1465
United Kingdom,2006Q2,367040,0.541133333,678280.1528
United Kingdom,2013Q2,442283,0.652966667,677343.9175
United Kingdom,2011Q2,412366,0.609833333,676194.5887
France,2010Q4,503510.8,0.744733333,676095.4257
France,2007Q3,487754.8,0.721866667,675685.4451
United Kingdom,2012Q1,424704,0.629033333,675169.3074
United Kingdom,2013Q1,438103,0.649066667,674973.8085
France,2010Q1,492010.1,0.7317,672420.5275
France,2019Q3,611667.9,0.9099,672236.3996
France,2022Q3,669377.2,0.997433333,671099.6892
United Kingdom,2017Q2,517565,0.7717,670681.612
United Kingdom,2012Q2,425007,0.633866667,670499.0534
France,2014Q4,542314.9,0.809266667,670131.2711
United Kingdom,2011Q3,416049,0.6219,668996.6233
United Kingdom,2011Q1,414732,0.620933333,667917.114
France,2009Q2,482540,0.725066667,665511.2174
France,2012Q2,520550.9,0.784666667,663403.8658
United Kingdom,2011Q4,419443,0.633966667,661616.8042
Brazil,2011Q3,1104733.25,1.6724,660567.5975
Brazil,2012Q1,1164463.75,1.763666667,660251.6065
France,2012Q3,523298.7,0.795066667,658182.165
France,2010Q3,501598.3,0.7625,657833.8361
United Kingdom,2016Q3,500650,0.762533333,656561.4618
France,2007Q2,483102.6,0.738233333,654403.6664
Italy,2008Q2,416296.2,0.639266667,651208.9895
France,2020Q1,586534.3,0.904833333,648223.5771
United Kingdom,2005Q1,341391,0.526766667,648087.7049
France,2008Q4,493005.6,0.762633333,646451.6806
United Kingdom,2017Q1,513926,0.799633333,642702.0718
United Kingdom,2005Q2,348632,0.544166667,640671.3629
Brazil,2014Q2,1427669.125,2.228666667,640593.3854
Germany,2003Q2,557322,0.8703,640379.1796
United Kingdom,2010Q4,406930,0.635666667,640162.559
France,2017Q2,571736.6,0.8939,639597.9416
United Kingdom,2004Q4,338655,0.5295,639575.0708
Brazil,2013Q1,1276965.625,1.997733333,639207.2474
Germany,2003Q3,564773,0.886266667,637249.5111
Brazil,2011Q1,1050947.25,1.654433333,635230.9451
United Kingdom,2009Q3,388624,0.612333333,634660.8601
United Kingdom,2006Q1,361268,0.569233333,634657.1412
Italy,2008Q1,414457.2,0.6552,632565.9341
United Kingdom,2009Q4,386875,0.611633333,632527.6582
France,2007Q1,477369.5,0.757166667,630468.1928
United Kingdom,2010Q3,404199,0.641733333,629855.08
Brazil,2014Q3,1455768.75,2.3146,628950.4666
Brazil,2011Q4,1129345.375,1.796233333,628729.7725
United Kingdom,2016Q4,507324,0.8088,627255.1929
France,2010Q2,496884.9,0.794,625799.6222
Brazil,2013Q2,1327198.25,2.124766667,624632.4694
United Kingdom,2005Q3,351940,0.5635,624560.7808
France,2016Q3,557130.2,0.8934,623606.6711
France,2016Q2,555245.2,0.8904,623590.7457
France,2009Q1,482219.5,0.7755,621817.5371
United Kingdom,2005Q4,356786,0.574666667,620857.3086
France,2016Q1,557643.6,0.9069,614889.8445
France,2015Q3,552465.9,0.898666667,614761.7582
France,2006Q4,470125,0.765366667,614248.0728
United Kingdom,2010Q1,396113,0.646433333,612766.9778
France,2015Q2,548696.9,0.899466667,610024.7184
United Kingdom,2009Q2,386564,0.633833333,609882.7242
Brazil,2014Q1,1421656.875,2.340566667,607398.5823
Italy,2008Q3,410781.8,0.676833333,606917.2125
Brazil,2010Q4,1025917.813,1.6919,606370.242
United Kingdom,2008Q4,395201,0.652166667,605981.5998
France,2015Q1,546877.3,0.9035,605287.5484
Italy,2011Q2,414812.1,0.686433333,604300.6361
France,2017Q1,565257.3,0.936566667,603541.9796
Germany,2003Q1,556214,0.923266667,602441.3315
United Kingdom,2004Q3,331528,0.552033333,600557.9373
Brazil,2012Q3,1222964,2.037233333,600306.2978
France,2015Q4,554646.9,0.925233333,599467.0534
Brazil,2012Q2,1187069.875,1.9803,599439.4157
France,2016Q4,560280.2,0.935166667,599123.3648
Italy,2007Q4,411202,0.686433333,599041.4218
Brazil,2012Q4,1240262.375,2.071833333,598630.3797
United Kingdom,2010Q2,401311,0.670566667,598465.477
Brazil,2013Q4,1380120,2.3121,596911.8983
United Kingdom,2004Q2,329664,0.552466667,596712.9239
United Kingdom,2004Q1,322790,0.541733333,595846.665
France,2006Q3,464893,0.7845,592597.833
United Kingdom,2020Q2,475747,0.803333333,592216.1826
France,2020Q2,532209.9,0.901166667,590578.7683
Brazil,2013Q3,1347335.25,2.292633333,587680.2149
France,2006Q2,460291,0.784566667,586681.8201
Italy,2024Q1,541115.4,0.9253,584799.9568
Italy,2009Q4,397540.4,0.6814,583417.0825
Italy,2011Q3,415060.5,0.7123,582704.6188
Italy,2024Q2,542334.5,0.930866667,582612.44
Italy,2023Q4,536599,0.9232,581238.0849
Italy,2023Q3,535193.3,0.9257,578149.8326
Italy,2023Q2,531555.7,0.919566667,578050.2048
Italy,2011Q1,415959.9,0.7202,577561.6495
Brazil,2014Q4,1473858.25,2.566666667,574230.487
Brazil,2010Q3,990694.3125,1.7322,571928.3642
Italy,2009Q3,396296.6,0.694233333,570840.6396
France,2004Q4,430227.4,0.757366667,568056.9517
Germany,2002Q4,561316,0.9891,567501.7693
France,2005Q1,433406.2,0.764733333,566741.6093
Italy,2023Q1,525467,0.929333333,565423.6011
Italy,2007Q3,407684.7,0.721866667,564764.5456
Brazil,2023Q4,2787445,4.935866667,564732.6373
Italy,2014Q2,409318.6,0.7283,562019.2228
Brazil,2024Q1,2794941,4.979833333,561251.9161
Italy,2014Q1,408369.3,0.730633333,558925.0878
United Kingdom,2009Q1,386739,0.6953,556218.8983
Italy,2013Q4,407685.6,0.733033333,556162.4301
Canada,2022Q2,710536,1.279066667,555511.3103
United Kingdom,2003Q4,320286,0.5768,555280.8599
Italy,2011Q4,413232.8,0.746033333,553906.6172
Brazil,2023Q3,2715917,4.9035,553873.1518
Italy,2021Q3,470205.8,0.850733333,552706.4493
Germany,2002Q3,560407,1.018233333,550371.8859
Italy,2010Q4,409327.5,0.744733333,549629.6213
Canada,2024Q2,751346,1.369333333,548694.742
Italy,2007Q2,403622.2,0.738233333,546740.6872
Canada,2024Q1,738655,1.351533333,546531.1005
France,2006Q1,452784.6,0.828933333,546225.5911
Italy,2018Q1,443310.7,0.8121,545881.9111
Italy,2010Q1,399338.7,0.7317,545768.3477
Brazil,2023Q2,2695387.5,4.9433,545260.757
Italy,2021Q2,452954.2,0.830933333,545114.9711
Italy,2012Q1,411386.4,0.7547,545099.2447
Italy,2021Q4,476640.2,0.875333333,544524.2193
Canada,2023Q4,738108,1.356033333,544314.0532
Italy,2009Q2,394346.7,0.725066667,543876.4711
Italy,2013Q3,407149.5,0.749,543590.7877
France,2005Q2,437227,0.805133333,543049.1844
Canada,2023Q3,727217,1.342366667,541742.4449
Italy,2022Q1,484421.1,0.894766667,541393.7712
Canada,2022Q1,681646,1.262633333,539860.6088
Brazil,2024Q2,2880002.25,5.3434,538983.0913
France,2005Q3,442400.5,0.821866667,538287.4351
Canada,2022Q3,711218,1.324866667,536822.3217
Italy,2014Q3,409350.8,0.7666,533982.2593
Canada,2023Q2,716479,1.345266667,532592.5467
Brazil,2010Q2,950029.375,1.787166667,531584.0949
France,2005Q4,447478.2,0.842166667,531341.6188
Italy,2010Q3,404787.6,0.7625,530868.9836
Brazil,2018Q1,1720307.625,3.2454,530075.684
Italy,2012Q4,405831.7,0.766033333,529783.3428
Italy,2013Q2,405170.5,0.765666667,529173.4872
Italy,2013Q1,401970.1,0.760466667,528583.4575
Italy,2007Q1,400029.9,0.757166667,528324.7634
Italy,2008Q4,402378.7,0.762633333,527617.5095
Italy,2022Q4,510955.3,0.968733333,527446.8034
Italy,2022Q2,497617.6,0.944466667,526876.8264
Canada,2023Q1,710336,1.348833333,526629.9271
Italy,2021Q1,439139.2,0.834766667,526062.213
Italy,2018Q2,444157.5,0.8462,524884.779
Canada,2022Q4,709889,1.352666667,524807.0478
Italy,2017Q4,441976.4,0.8439,523730.7738
Canada,2021Q4,659833,1.2599,523718.5491
Brazil,2017Q3,1642847.5,3.1449,522384.6545
Italy,2012Q2,408769.3,0.784666667,520946.4316
Germany,2002Q2,553448,1.0634,520451.3824
Italy,2006Q4,398312.9,0.765366667,520421.0182
France,2004Q1,417901.4,0.804866667,519218.1728
Brazil,2023Q1,2657362.75,5.1243,518580.6354
Brazil,2017Q1,1621407.75,3.127433333,518446.7828
Italy,2017Q3,437076.8,0.843366667,518252.4011
France,2004Q3,424068.2,0.819166667,517682.4415
Italy,2018Q3,444543.5,0.859433333,517251.8714
Italy,2020Q4,433438.6,0.8383,517044.7334
Brazil,2015Q1,1491172.125,2.9047,513365.2787
Brazil,2017Q4,1686116.125,3.2857,513168.0083
United Kingdom,2003Q3,317491,0.618933333,512964.7781
Italy,2012Q3,407760.1,0.795066667,512862.7788
Italy,2009Q1,395818.8,0.7755,510404.6422
United Kingdom,2003Q2,313102,0.613633333,510242.816
Germany,2000Q1,529558,1.037966667,510187.8673
France,2004Q2,420753.6,0.8252,509880.7562
Italy,2020Q3,431508.7,0.846533333,509736.2183
Italy,2019Q1,448943.9,0.8814,509353.1881
Italy,2010Q2,403607.2,0.794,508321.4106
Brazil,2009Q4,891255.3125,1.754,508127.3161
Italy,2019Q2,450974,0.888333333,507663.0394
Italy,2014Q4,410823.1,0.809266667,507648.6119
Italy,2018Q4,446383.6,0.8797,507427.0774
Brazil,2017Q2,1635107.625,3.2361,505271.0438
Canada,2021Q3,635451,1.258733333,504833.6952
Brazil,2022Q2,2515651.5,4.9866,504482.3126
Italy,2022Q3,502942.7,0.997433333,504236.9081
Italy,2019Q4,452594.1,0.898566667,503684.4975
Brazil,2010Q1,919205.5,1.8253,503591.4644
Canada,2021Q2,616713,1.224833333,503507.6881
Italy,2006Q3,392282.2,0.7845,500041.0453
Germany,2001Q1,547664,1.096666667,499389.6657
Brazil,2022Q4,2604116,5.216733333,499185.1861
Germany,2000Q2,533011,1.070633333,497846.446
Italy,2019Q3,451992.8,0.9099,496749.9725
Italy,2006Q2,389384.1,0.784566667,496304.6692
France,2003Q4,412149.3,0.830466667,496286.3852
Germany,2001Q4,553461,1.116433333,495740.3039
Germany,2001Q3,549774,1.111366667,494682.823
United Kingdom,2003Q1,307455,0.624666667,492190.5016
Brazil,2022Q3,2578429.25,5.2573,490447.4255
Brazil,2016Q4,1598496.625,3.274566667,488155.163
Italy,2017Q2,435937.8,0.8939,487680.7249
Italy,2004Q4,368960,0.757366667,487161.6566
Brazil,2016Q3,1572174.125,3.2442,484610.7284
Italy,2005Q1,369399.8,0.764733333,483043.9369
Germany,2000Q3,534078,1.1121,480242.7839
United Kingdom,2002Q4,304075,0.633833333,479739.6792
Italy,2016Q3,428270.5,0.8934,479371.5021
Brazil,2015Q2,1485207.625,3.098266667,479367.2672
Germany,2002Q1,551875,1.1542,478145.0355
Italy,2016Q2,424648.7,0.8904,476919.0252
Brazil,2019Q1,1799139.75,3.772933333,476854.3706
Canada,2021Q1,605126,1.269133333,476802.5424
Brazil,2008Q2,774468.5,1.630933333,474862.1444
Brazil,2008Q3,805433.1875,1.7012,473450.0279
Germany,2000Q4,533238,1.128433333,472547.1893
Germany,2001Q2,547434,1.161433333,471343.4549
Italy,2020Q1,425434.1,0.904833333,470179.5174
Brazil,2022Q1,2381479.75,5.067666667,469936.1475
Brazil,2019Q2,1831383.25,3.8981,469814.3326
Brazil,2018Q2,1738488.875,3.701866667,469624.9302
Brazil,2018Q4,1786430.125,3.8228,467309.3348
Italy,2016Q1,423584.2,0.9069,467068.2545
United Kingdom,2002Q3,299185,0.640733333,466941.5253
Italy,2015Q3,416759.9,0.898666667,463753.5979
Canada,2012Q4,461016,0.995133333,463270.5835
Italy,2005Q2,372549.4,0.805133333,462717.6451
Italy,2006Q1,383505.7,0.828933333,462649.63
Brazil,2019Q3,1867279.25,4.037366667,462499.2982
Canada,2013Q1,469211,1.0148,462367.9543
Brazil,2019Q4,1891328.625,4.090933333,462322.0353
France,2003Q2,402219.3,0.8703,462161.6684
Italy,2017Q1,432680.3,0.936566667,461985.5856
Canada,2012Q3,457659,0.990833333,461893.0193
Italy,2015Q2,415337.6,0.899466667,461759.8577
France,2003Q3,408871.9,0.886266667,461341.8459
Canada,2013Q3,478107,1.037233333,460944.4998
Brazil,2009Q3,846094.625,1.8389,460109.1005
Italy,2016Q4,430063.4,0.935166667,459878.8808
Canada,2014Q2,497101,1.0822,459343.005
Canada,2011Q2,439963,0.958633333,458948.1554
Italy,2005Q3,376610.6,0.821866667,458238.0759
Canada,2014Q3,503448,1.099166667,458026.9901
Canada,2013Q4,483281,1.0554,457912.6398
Brazil,2016Q2,1563840,3.419433333,457338.9353
Canada,2013Q2,471648,1.032133333,456964.2165
Italy,2015Q1,412781.6,0.9035,456869.5075
Canada,2012Q1,453780,0.9966,455328.1156
Italy,2005Q4,382699.7,0.842166667,454422.7588
Italy,2015Q4,418109.8,0.925233333,451896.6027
Canada,2012Q2,454746,1.0122,449264.9674
Canada,2011Q3,446437,0.994233333,449026.3855
Canada,2020Q4,582919,1.301566667,447859.5027
Canada,2011Q4,453175,1.012666667,447506.5833
Canada,2019Q4,587546,1.314,447143.0746
Italy,2004Q3,365167.3,0.819166667,445779.0031
Australia,2024Q2,675318,1.5156,445577.9889
Brazil,2018Q3,1758914.25,3.952633333,444998.0814
Italy,2004Q1,357078.5,0.804866667,443649.2587
Australia,2023Q1,649797,1.4661,443214.6511
Canada,2014Q1,490863,1.107933333,443043.8053
Canada,2011Q1,434488,0.980833333,442978.4197
Canada,2014Q4,503486,1.1432,440418.1246
Australia,2024Q1,674103,1.531333333,440206.5738
Italy,2004Q2,362809.9,0.8252,439662.9908
Spain,2024Q3,399067,0.908966667,439033.7013
Canada,2019Q3,580619,1.3246,438335.3465
Australia,2022Q2,621991,1.4191,438299.6265
Australia,2023Q4,666066,1.519866667,438239.7579
United Kingdom,2002Q2,295747,0.6753,437949.0597
Spain,2008Q2,279616,0.639266667,437401.1889
Canada,2018Q1,551767,1.2678,435216.1224
Canada,2018Q3,564738,1.2982,435016.1762
France,2003Q1,401528.1,0.923266667,434899.379
United Kingdom,2000Q1,272133,0.626333333,434485.8968
Canada,2019Q2,578170,1.332933333,433757.6273
Brazil,2021Q3,2276525.5,5.2681,432134.0711
Australia,2022Q1,594328,1.375933333,431945.3462
Canada,2018Q2,560017,1.297466667,431623.42
Canada,2019Q1,567228,1.321066667,429371.2152
Canada,2017Q3,535438,1.247466667,429220.2864
Australia,2023Q3,655267,1.527966667,428849.015
Australia,2023Q2,647027,1.515833333,426845.7394
Canada,2017Q4,545711,1.2785,426836.9183
Brazil,2008Q1,740281.6875,1.735533333,426544.2059
Italy,2003Q4,353369.8,0.830466667,425507.5058
Spain,2008Q1,278379,0.6552,424876.3736
Australia,2022Q4,637059,1.501033333,424413.6262
Spain,2024Q2,394386,0.930866667,423676.1441
Canada,2020Q3,561621,1.3259,423577.1929
Brazil,2021Q2,2204956.75,5.207466667,423422.1534
Australia,2021Q2,552841,1.3073,422887.631
Spain,2024Q1,391023,0.9253,422590.5112
Australia,2022Q3,627406,1.484666667,422590.4805
Canada,2020Q1,572004,1.356333333,421728.1887
Italy,2020Q2,378473.4,0.901166667,419981.5794
Canada,2010Q4,425387,1.014166667,419444.8644
Canada,2018Q4,559153,1.336066667,418506.811
United Kingdom,2001Q3,288266,0.689266667,418221.298
United Kingdom,2000Q2,273951,0.6565,417290.1752
Spain,2023Q4,384830,0.9232,416843.5875
United Kingdom,2001Q4,288292,0.6924,416366.2623
Canada,2008Q2,419362,1.007233333,416350.3988
Australia,2021Q4,569306,1.369733333,415632.7266
United Kingdom,2002Q1,292432,0.705533333,414483.6058
Brazil,2021Q4,2323534.75,5.610466667,414142.8669
Brazil,2020Q1,1912197.75,4.6533,410933.6922
Spain,2008Q3,278095,0.676833333,410876.6314
Brazil,2015Q3,1502616.125,3.6623,410293.0194
Canada,2007Q4,401127,0.980233333,409215.833
Australia,2021Q1,533854,1.307166667,408405.4571
United Kingdom,2001Q1,282928,0.693866667,407755.5726
United Kingdom,2001Q2,286649,0.703166667,407654.4205
Canada,2008Q1,409324,1.0048,407368.6306
United Kingdom,2000Q3,276266,0.678533333,407151.6997
United Kingdom,2000Q4,278402,0.686666667,405439.8058
Spain,2023Q3,374050,0.9257,404072.5937
France,2002Q4,399430.4,0.9891,403832.1707
Canada,2008Q3,423628,1.0506,403224.8239
Spain,2023Q2,370217,0.919566667,402599.4128
Canada,2015Q2,496230,1.2337,402229.067
Spain,2007Q4,275716,0.686433333,401664.6433
Australia,2021Q3,550017,1.3705,401325.7935
Italy,2003Q2,348154.6,0.8703,400039.7564
Canada,2010Q3,416343,1.041033333,399932.4389
Australia,2013Q1,385664,0.965633333,399389.6924
Canada,2017Q1,526987,1.321266667,398849.8411
Canada,2017Q2,532505,1.337033333,398273.5409
Brazil,2007Q4,703915.8125,1.771666667,397318.4266
Australia,2012Q4,381875,0.961166667,397303.6241
Spain,2023Q1,369227,0.929333333,397303.0846
Brazil,2009Q2,809644.6875,2.037933333,397287.1312
Italy,2003Q3,352048,0.886266667,397225.8162
Brazil,2016Q1,1534817.375,3.868466667,396750.8337
Brazil,2021Q1,2207124.75,5.5642,396665.2439
Canada,2010Q2,413310,1.0424,396498.4651
Australia,2012Q3,380381,0.961466667,395625.7801
Australia,2012Q1,374264,0.9465,395418.9118
Australia,2011Q2,365840,0.926866667,394706.1785
Canada,2010Q1,411008,1.046033333,392920.557
Canada,2015Q1,496075,1.264066667,392443.7002
Spain,2009Q4,267360,0.6814,392368.6528
Spain,2011Q2,268986,0.686433333,391860.3409
France,2002Q3,397229.5,1.018233333,390116.378
Brazil,2015Q4,1516791.25,3.894333333,389486.7543
Canada,2016Q2,500538,1.285533333,389362.1324
Canada,2016Q3,508855,1.308633333,388844.5961
Australia,2011Q3,372342,0.959166667,388193.2233
Australia,2011Q4,373219,0.9666,386115.2493
Spain,2009Q3,267667,0.694233333,385557.6895
Canada,2016Q4,516537,1.342366667,384795.7587
Australia,2012Q2,379529,0.987533333,384320.1917
Canada,2007Q3,395562,1.0382,381007.513
Canada,2015Q3,500216,1.317766667,379593.7571
Canada,2009Q4,402923,1.0641,378651.4425
Australia,2013Q2,389877,1.033933333,377081.3721
Australia,2014Q2,402851,1.070033333,376484.5332
Australia,2020Q4,512383,1.361133333,376438.5071
Spain,2011Q3,266730,0.7123,374463.0072
Italy,2003Q1,345627.5,0.923266667,374352.8414
Spain,2007Q3,269879,0.721866667,373862.6709
Brazil,2020Q4,2027107.25,5.4234,373770.5591
Spain,2011Q1,269181,0.7202,373758.6781
Spain,2021Q4,325087,0.875333333,371386.5194
Spain,2022Q1,331851,0.894766667,370879.9315
Canada,2015Q4,497920,1.342566667,370871.7134
France,2002Q2,393542.3,1.0634,370079.274
Spain,2022Q4,358462,0.968733333,370031.6565
Canada,2016Q1,499605,1.350433333,369959.0255
Spain,2009Q2,268080,0.725066667,369731.5189
Spain,2010Q1,269135,0.7317,367821.5115
Australia,2014Q3,402831,1.096333333,367434.7826
Spain,2018Q1,298352,0.8121,367383.3272
Australia,2013Q4,400123,1.091666667,366524.8855
Canada,2020Q2,503983,1.3761,366240.0988
Spain,2021Q3,310566,0.850733333,365056.8137
Canada,2007Q2,394153,1.081666667,364394.1448
Australia,2018Q1,464737,1.2772,363871.7507
Spain,2010Q4,270512,0.744733333,363233.3721
Canada,2009Q3,391981,1.0806,362743.846
Spain,2007Q2,267775,0.738233333,362724.071
Australia,2011Q1,356891,0.984066667,362669.5346
Spain,2021Q2,301107,0.830933333,362372.0315
Spain,2008Q4,276342,0.762633333,362352.3755
Australia,2014Q1,403385,1.113533333,362256.7802
Brazil,2007Q3,685875.6875,1.894366667,362060.6821
Australia,2017Q3,453000,1.2613,359153.2546
Spain,2022Q2,338571,0.944466667,358478.5064
Spain,2021Q1,298714,0.834766667,357841.3129
Australia,2013Q3,394026,1.102966667,357241.9837
Spain,2018Q2,301749,0.8462,356593.004
Spain,2014Q2,258585,0.7283,355052.8628
Spain,2018Q3,304323,0.859433333,354097.2734
Spain,2011Q4,263793,0.746033333,353594.12
Spain,2019Q4,317621,0.898566667,353475.1642
Australia,2020Q3,489122,1.383766667,353471.4427
Australia,2018Q2,470964,1.332966667,353320.163
Spain,2019Q1,311179,0.8814,353050.8282
Spain,2010Q3,269037,0.7625,352835.4098
Spain,2014Q1,257703,0.730633333,352711.8025
Spain,2017Q4,297558,0.8439,352598.6491
Brazil,2020Q3,1913617.625,5.4422,351625.7442
Spain,2019Q2,311955,0.888333333,351168.8555
Australia,2019Q1,490385,1.397333333,350943.4637
Spain,2018Q4,307852,0.8797,349951.1197
Australia,2017Q4,455819,1.3029,349849.5664
Brazil,2008Q4,789619.625,2.2607,349281.0302
Spain,2020Q4,292671,0.8383,349124.4185
Spain,2013Q4,255853,0.733033333,349033.2409
Spain,2007Q1,264171,0.757166667,348894.1228
Australia,2019Q2,497728,1.427666667,348630.3993
France,2000Q1,361863.4,1.037966667,348627.1878
Australia,2018Q3,478220,1.372533333,348421.4105
Spain,2012Q1,262730,0.7547,348125.0828
Spain,2009Q1,269883,0.7755,348011.6054
Spain,2017Q3,293175,0.843366667,347624.5998
Australia,2019Q4,503637,1.4508,347144.3342
Italy,2002Q4,343074.3,0.9891,346855.0197
Australia,2010Q4,351086,1.012366667,346797.2737
France,2001Q3,384948.1,1.111366667,346373.6241
France,2001Q1,379141.6,1.096666667,345721.8237
Spain,2022Q3,344745,0.997433333,345632.1224
France,2001Q4,385733.5,1.116433333,345505.1802
Australia,2018Q4,483156,1.3991,345333.4286
Australia,2014Q4,405383,1.178233333,344060.0334
Spain,2019Q3,312955,0.9099,343944.3895
Brazil,2007Q2,674536.5,1.961433333,343899.7842
France,2000Q2,366435.8,1.070633333,342260.7802
Spain,2013Q3,256110,0.749,341935.9146
Australia,2019Q3,504286,1.475433333,341788.4011
Australia,2017Q1,447226,1.3115,341003.4312
Spain,2020Q3,287632,0.846533333,339776.3427
Spain,2014Q3,260038,0.7666,339209.4965
Spain,2013Q1,257197,0.760466667,338209.4328
Spain,2010Q2,268461,0.794,338112.0907
France,2002Q1,390171.8,1.1542,338045.2261
Spain,2006Q4,258098,0.765366667,337221.3754
Australia,2017Q2,447184,1.326533333,337107.247
Canada,2009Q2,387122,1.149166667,336871.9362
Canada,2006Q3,376234,1.1178,336584.3621
Brazil,2009Q1,786044.8125,2.342766667,335519.8892
Canada,2006Q2,372679,1.111833333,335193.2244
Spain,2013Q2,256492,0.765666667,334991.7283
Italy,2002Q3,340414.5,1.018233333,334318.7547
France,2000Q3,371685.9,1.1121,334219.8543
Spain,2020Q1,301564,0.904833333,333281.2673
France,2000Q4,375409.5,1.128433333,332682.037
Spain,2012Q4,254396,0.766033333,332095.2091
Canada,2007Q1,386819,1.1661,331720.2641
Spain,2012Q2,260020,0.784666667,331376.3806
Canada,2008Q4,404727,1.221666667,331290.8595
Canada,2006Q4,378691,1.143133333,331274.567
France,2001Q2,381452.7,1.161433333,328432.7125
Spain,2017Q2,291535,0.8939,326138.2705
Australia,2020Q1,505834,1.553166667,325679.1501
Spain,2012Q3,258818,0.795066667,325529.9346
Australia,2016Q4,439277,1.350966667,325157.5415
Spain,2014Q4,262623,0.809266667,324519.7298
Brazil,2020Q2,1756674.5,5.429333333,323552.5233
Spain,2006Q3,253709,0.7845,323402.167
Australia,2016Q3,425056,1.316533333,322860.0365
Canada,2006Q1,369000,1.1482,321372.5832
Spain,2006Q2,249219,0.784566667,317651.7823
Australia,2010Q3,344984,1.0875,317226.6667
Italy,2002Q2,336679.6,1.0634,316606.7331
Spain,2016Q3,282308,0.8934,315992.8364
Australia,2015Q2,407422,1.2897,315904.4739
Australia,2015Q1,408426,1.293666667,315711.9299
Australia,2020Q2,469462,1.494566667,314112.4518
Canada,2005Q4,367359,1.169966667,313990.9969
Spain,2016Q2,279123,0.8904,313480.4582
Brazil,2007Q1,655934.875,2.101133333,312181.4616
Australia,2016Q2,419603,1.346266667,311678.964
Canada,2009Q1,389308,1.2537,310527.2394
Spain,2017Q1,287756,0.936566667,307245.6134
Spain,2016Q1,277417,0.9069,305895.9091
Spain,2015Q3,273121,0.898666667,303918.0267
Spain,2016Q4,284119,0.935166667,303816.432
Australia,2016Q1,414795,1.371833333,302365.4477
Canada,2005Q3,359248,1.1914,301534.3294
Spain,2015Q2,270627,0.899466667,300874.9629
Australia,2015Q4,412333,1.385266667,297656.047
Spain,2015Q4,275270,0.925233333,297514.1406
Spain,2015Q1,268094,0.9035,296728.2789
Italy,2001Q4,330205.5,1.116433333,295768.2202
Brazil,2006Q4,635156.1875,2.1481,295682.7836
Australia,2010Q2,340024,1.1511,295390.496
Australia,2010Q1,328441,1.1127,295174.8
Italy,2001Q3,327941.4,1.111366667,295079.3917
Italy,2001Q1,323437.7,1.096666667,294927.9939
Italy,2000Q1,305809,1.037966667,294623.1414
Australia,2015Q3,412049,1.3992,294488.9937
Spain,2006Q1,243950,0.828933333,294293.8716
Spain,2005Q1,224925,0.764733333,294122.1341
Spain,2004Q4,221582,0.757366667,292568.989
Australia,2008Q2,305833,1.050366667,291167.8461
Australia,2009Q4,320916,1.106233333,290097.9299
Italy,2002Q1,334062,1.1542,289431.641
Italy,2000Q2,308578.2,1.070633333,288220.2435
Spain,2005Q2,229616,0.805133333,285190.0306
Spain,2005Q3,234127,0.821866667,284872.2421
Spain,2005Q4,239454,0.842166667,284330.8925
Canada,2004Q4,341770,1.202166667,284295.0229
Brazil,2006Q3,612554.5,2.165066667,282926.3918
Italy,2000Q4,318104.8,1.128433333,281899.5067
Italy,2000Q3,313205,1.1121,281633.8459
Canada,2005Q1,345081,1.227733333,281071.6225
Italy,2001Q2,326095.5,1.161433333,280769.882
Canada,2005Q2,349902,1.246266667,280760.1369
Spain,2020Q2,247347,0.901166667,274474.2001
Australia,2008Q1,298152,1.094833333,272326.3815
Australia,2008Q3,315462,1.1619,271505.2931
Australia,2009Q3,313805,1.171,267980.3587
Brazil,2006Q2,585538.5,2.186,267858.4172
Brazil,2006Q1,576200.6875,2.1665,265959.2372
Spain,2004Q3,216604,0.819166667,264419.939
Australia,2007Q4,290495,1.1146,260627.1308
Spain,2004Q1,209258,0.804866667,259990.8888
Canada,2004Q3,337870,1.302066667,259487.4814
Spain,2004Q2,212615,0.8252,257652.6903
Brazil,2005Q4,564806.5,2.264533333,249414.0809
Spain,2003Q4,205708,0.830466667,247701.6938
Canada,2004Q2,332037,1.3551,245027.6732
Canada,2004Q1,324054,1.323166667,244907.9229
Canada,2003Q4,318221,1.305366667,243779.0148
Australia,2009Q2,312763,1.2886,242715.35
Australia,2007Q3,285155,1.174933333,242698.8765
Brazil,2005Q3,547820.1875,2.321,236027.6551
Australia,2007Q2,280689,1.196866667,234519.8574
Switzerland,2024Q1,204951.354,0.882366667,232274.5881
Switzerland,2023Q4,201889.9295,0.875666667,230555.6866
Spain,2003Q2,199242,0.8703,228934.8501
Spain,2003Q3,202157,0.886266667,228099.5186
Switzerland,2024Q2,206571.0174,0.906633333,227844.0576
Canada,2003Q3,314574,1.3814,227721.1525
Switzerland,2023Q3,201058.0083,0.889933333,225924.7977
Canada,2003Q2,309430,1.382233333,223862.3484
Switzerland,2023Q2,200179.1978,0.899966667,222429.569
Brazil,2005Q2,538266.3125,2.4247,221992.9527
Australia,2007Q1,276664,1.264533333,218787.4315
Switzerland,2023Q1,200851.4785,0.924333333,217293.3414
Australia,2008Q4,315929,1.479766667,213499.2003
Spain,2003Q1,195576,0.923266667,211830.4571
Australia,2006Q4,269818,1.2755,211539.0043
Switzerland,2022Q1,193897.467,0.922033333,210293.3376
Canada,2003Q1,312522,1.490933333,209615.0063
Switzerland,2022Q4,199885.6534,0.957066667,208852.3824
Switzerland,2021Q4,190947.5875,0.915466667,208579.5086
Australia,2009Q1,317311,1.527466667,207736.7755
Switzerland,2021Q3,189482.4599,0.9173,206565.4201
Switzerland,2022Q2,198101.9377,0.9625,205820.195
Switzerland,2022Q3,199142.9603,0.971866667,204907.6968
Switzerland,2021Q2,184991.8489,0.912466667,202738.1993
Australia,2006Q3,262765,1.317966667,199371.5066
Brazil,2005Q1,519691.4063,2.6261,197894.7512
Switzerland,2020Q4,177650.5787,0.9036,196603.1194
Switzerland,2021Q1,179078.7329,0.913966667,195935.7376
Canada,2002Q4,306525,1.565333333,195820.9114
Spain,2002Q4,191784,0.9891,193897.4826
Switzerland,2020Q3,176627.4921,0.9123,193606.8093
Canada,2002Q2,296473,1.539866667,192531.6045
Australia,2006Q2,255353,1.3321,191692.0652
Canada,2002Q3,301036,1.576533333,190948.0717
Switzerland,2011Q3,158817.0177,0.832933333,190671.9438
Canada,2000Q3,280442,1.487266667,188562.0153
Canada,2001Q2,288215,1.529433333,188445.6117
Switzerland,2014Q2,166295.8247,0.887333333,187410.7716
Canada,2001Q1,287481,1.536966667,187044.3948
Switzerland,2011Q2,159436.255,0.852966667,186919.6784
Canada,2000Q4,283220,1.519333333,186410.7065
Australia,2006Q1,252020,1.353366667,186217.0882
Brazil,2004Q4,510865.0938,2.745066667,186102.9825
Switzerland,2014Q1,165349.6467,0.89,185786.1199
Switzerland,2018Q1,175172.7314,0.943,185761.1149
Spain,2002Q3,188921,1.018233333,185538.0234
Canada,2000Q2,274862,1.486066667,184959.4007
Canada,2000Q1,267547,1.447966667,184774.2812
Australia,2005Q3,243685,1.319733333,184647.1509
Australia,2005Q4,249067,1.351233333,184325.6778
Switzerland,2020Q1,177076.6587,0.963033333,183873.8625
Switzerland,2019Q4,180356.8032,0.984633333,183171.5392
Canada,2001Q3,284701,1.5547,183122.789
Switzerland,2013Q4,164837.1944,0.901833333,182780.1084
Australia,2005Q2,238139,1.305,182481.9923
Australia,2005Q1,233227,1.282266667,181886.5031
Canada,2002Q1,289660,1.594433333,181669.5587
Switzerland,2018Q3,177929.2235,0.9802,181523.3866
Switzerland,2019Q3,179450.7343,0.993833333,180564.2137
Switzerland,2018Q2,178229.6266,0.9888,180248.4088
Switzerland,2014Q3,166848.9567,0.927233333,179942.794
Switzerland,2019Q2,179112.5013,0.9986,179363.6103
Canada,2001Q4,284146,1.584633333,179313.4058
Switzerland,2018Q4,178519.5828,0.996166667,179206.5412
Switzerland,2019Q1,178429.161,0.995766667,179187.7224
Switzerland,2013Q3,164415.7183,0.920233333,178667.4231
Switzerland,2017Q3,171805.72,0.9643,178166.2553
Switzerland,2015Q2,166507.9526,0.935933333,177905.7831
Switzerland,2017Q4,173621.0987,0.985066667,176253.1457
Switzerland,2012Q1,160068.3507,0.9088,176131.5479
Australia,2004Q4,228935,1.303,175698.3883
Switzerland,2015Q1,166465.2235,0.9487,175466.6633
Spain,2002Q2,186247,1.0634,175142.9377
Switzerland,2012Q4,161818.3501,0.9247,174995.5122
Switzerland,2011Q4,158941.8953,0.9093,174795.8817
Switzerland,2016Q3,170252.6035,0.9746,174689.7224
Switzerland,2017Q2,169807.0246,0.973566667,174417.4595
Switzerland,2013Q1,162237.17,0.931633333,174142.7279
Switzerland,2016Q2,169462.5587,0.976266667,173582.2439
Switzerland,2013Q2,163623.2602,0.9429,173531.9337
Switzerland,2015Q3,167139.4582,0.968366667,172599.351
Switzerland,2020Q2,164710.4478,0.957833333,171961.4907
Switzerland,2014Q4,167265.5631,0.974133333,171707.0522
Switzerland,2012Q2,160573.3924,0.942333333,170399.7797
Switzerland,2011Q1,158464.3069,0.930466667,170306.2695
Brazil,2004Q3,500798.4063,2.941333333,170262.3775
Switzerland,2017Q1,169623.8148,0.999233333,169753.9595
Switzerland,2016Q1,168306.5153,0.993933333,169333.8071
Switzerland,2012Q3,161303.0733,0.956933333,168562.4982
Brazil,2000Q3,306128.0938,1.816833333,168495.419
Switzerland,2016Q4,169654.985,1.007966667,168314.0828
Australia,2004Q1,218496,1.302233333,167785.5991
Switzerland,2015Q4,167630.7377,1.005966667,166636.4734
Belgium,2024Q2,152997.9,0.930866667,164360.7033
Belgium,2024Q1,151534.6,0.9253,163768.0752
Brazil,2000Q1,288328.8125,1.763833333,163467.1525
Brazil,2000Q2,294311,1.812,162423.2892
Belgium,2023Q4,149916,0.9232,162387.3484
Switzerland,2010Q4,157763.394,0.9735,162057.9291
Belgium,2023Q2,148537.8,0.919566667,161530.2135
Belgium,2023Q3,149442.1,0.9257,161436.8586
Spain,2001Q4,180017,1.116433333,161242.9463
Sweden,2021Q4,1429787,8.882633333,160964.3161
Australia,2004Q3,225040,1.405766667,160083.4657
Belgium,2023Q1,148424.6,0.929333333,159710.8321
Brazil,2000Q4,310324.0938,1.943166667,159700.1941
Spain,2001Q3,176986,1.111366667,159250.7723
Sweden,2021Q2,1339745,8.438466667,158766.4031
Brazil,2004Q1,462198.8125,2.912166667,158713.0358
Spain,2002Q1,182792,1.1542,158371.1662
Australia,2004Q2,221901,1.405833333,157843.035
Sweden,2021Q3,1365872,8.655633333,157801.5088
Brazil,2004Q2,483889,3.068666667,157687.0519
Brazil,2001Q1,323953.3125,2.056766667,157506.1079
Australia,2003Q4,214306,1.3739,155983.696
Spain,2001Q1,170666,1.096666667,155622.4924
Brazil,2003Q4,449812.6875,2.9015,155027.6366
Sweden,2021Q1,1316700,8.507066667,154777.2048
Switzerland,2010Q3,156297.418,1.012833333,154317.0163
Sweden,2024Q1,1597676,10.46843333,152618.4434
Spain,2000Q1,157310,1.037966667,151555.9267
Belgium,2022Q1,135227,0.894766667,151131.0211
Belgium,2021Q3,127969.3,0.850733333,150422.3415
Belgium,2022Q4,145641.5,0.968733333,150342.1994
Belgium,2021Q4,131597.3,0.875333333,150339.642
Sweden,2014Q1,973238,6.474666667,150314.7652
Sweden,2022Q1,1412445,9.3982,150288.8851
Sweden,2020Q4,1285823,8.556533333,150273.8258
Belgium,2021Q2,124493.8,0.830933333,149824.0533
Sweden,2011Q2,924730,6.1736,149787.8061
Brazil,2002Q1,354556.4063,2.367666667,149749.2917
Sweden,2024Q2,1602209,10.70756667,149633.3434
Spain,2000Q2,160177,1.070633333,149609.5769
Sweden,2013Q4,970518,6.4925,149482.9419
Switzerland,2008Q2,154212.8392,1.032866667,149305.6598
Spain,2001Q2,173289,1.161433333,149202.7093
Switzerland,2009Q4,152491.9864,1.0224,149151.0039
Sweden,2014Q2,986759,6.623833333,148970.9886
Sweden,2023Q4,1571403,10.57823333,148550.6086
Spain,2000Q4,166981,1.128433333,147975.9549
Brazil,2003Q3,435736.9063,2.946166667,147899.6118
Belgium,2022Q2,139603.3,0.944466667,147811.7809
Sweden,2023Q1,1534427,10.43233333,147083.778
Switzerland,2008Q1,152442.9863,1.038533333,146786.8016
Spain,2000Q3,163101,1.1121,146660.3723
Sweden,2022Q2,1455262,9.928733333,146570.761
Sweden,2013Q3,955366,6.520066667,146527.0294
Belgium,2021Q1,121962.7,0.834766667,146103.9412
Sweden,2013Q1,940045,6.4492,145761.4898
Switzerland,2010Q1,154248.9581,1.062666667,145152.7209
Sweden,2023Q2,1540133,10.62593333,144940.962
Sweden,2023Q3,1563124,10.7953,144796.7171
Brazil,2003Q2,420470.9063,2.907166667,144632.5424
Sweden,2011Q1,920697,6.369533333,144547.0102
Sweden,2018Q1,1177548,8.169133333,144146.013
Sweden,2011Q3,933592,6.488233333,143890.0163
Brazil,2002Q2,368578.3125,2.5655,143667.2432
Switzerland,2009Q3,151430.5462,1.054533333,143599.5823
Belgium,2022Q3,143071.8,0.997433333,143439.9626
Sweden,2013Q2,942181,6.599766667,142759.744
Sweden,2017Q3,1148362,8.0488,142674.9329
Belgium,2020Q4,119579.4,0.8383,142645.1151
Switzerland,2008Q3,155352.6661,1.09,142525.3817
Sweden,2014Q3,999770,7.0328,142158.1731
Sweden,2020Q3,1248764,8.7891,142080.9867
Sweden,2012Q4,935709,6.595633333,141867.953
Sweden,2008Q2,850359,5.997,141797.3987
Sweden,2022Q4,1506586,10.64033333,141591.9927
Brazil,2001Q2,324861.1875,2.2975,141397.6877
Switzerland,2010Q2,155694.9371,1.1034,141104.7101
Belgium,2020Q3,119016.7,0.846533333,140593.0461
Sweden,2012Q3,934800,6.662033333,140317.5207
Ireland,2023Q2,128944.5586,0.919566667,140223.1761
Sweden,2017Q4,1163454,8.3169,139890.3438
Sweden,2022Q3,1479600,10.61913333,139333.4045
Belgium,2018Q1,112827.8,0.8121,138933.3826
Sweden,2012Q1,925827,6.6701,138802.5667
Belgium,2008Q2,88599.7,0.639266667,138595.839
Ireland,2024Q1,128020.1587,0.9253,138355.2995
Belgium,2014Q2,100596.3,0.7283,138124.8112
Sweden,2008Q1,850409,6.158533333,138086.2868
Ireland,2023Q1,128110.6938,0.929333333,137852.253
Ireland,2023Q4,127200.7531,0.9232,137782.4448
Australia,2003Q3,209102,1.5187,137684.8621
Belgium,2011Q2,94429.8,0.686433333,137565.8719
Ireland,2022Q4,133184.4896,0.968733333,137483.1288
Belgium,2014Q1,100380.8,0.730633333,137388.7495
Ireland,2022Q1,122902.9323,0.894766667,137357.5223
Sweden,2011Q4,919807,6.7174,136929.0202
Ireland,2022Q2,129252.6204,0.944466667,136852.4957
Ireland,2024Q2,127387.4576,0.930866667,136848.2321
Ireland,2023Q3,126232.3657,0.9257,136364.2278
Switzerland,2009Q2,149478.1132,1.098,136136.7151
Belgium,2013Q4,99630.4,0.733033333,135915.2381
Belgium,2019Q4,122110.3,0.898566667,135894.5357
Ireland,2021Q3,115585.4006,0.850733333,135865.6069
Ireland,2022Q3,135173.3161,0.997433333,135521.1537
Belgium,2018Q2,114466.8,0.8462,135271.567
Sweden,2018Q4,1222394,9.041,135205.6188
Sweden,2018Q2,1193572,8.8355,135088.2236
Brazil,2001Q4,337184.3125,2.500666667,134837.7683
Sweden,2019Q1,1236953,9.191933333,134569.4051
Sweden,2019Q4,1281596,9.527866667,134510.2786
Sweden,2018Q3,1202492,8.941233333,134488.3815
Sweden,2010Q4,913701,6.802833333,134311.8309
Belgium,2008Q1,87981.6,0.6552,134282.0513
Belgium,2019Q2,119006.3,0.888333333,133965.8161
Sweden,2014Q4,1011095,7.547833333,133958.3103
Belgium,2018Q3,115057.3,0.859433333,133875.7709
Sweden,2012Q2,931870,6.968066667,133734.3692
Austria,2024Q3,121475.8683,0.908966667,133641.7195
Belgium,2011Q3,95030.2,0.7123,133413.1686
Sweden,2020Q1,1293888,9.7,133390.5155
Belgium,2019Q1,117566,0.8814,133385.523
Sweden,2019Q2,1256142,9.421533333,133326.7055
Belgium,2018Q4,117139.9,0.8797,133158.9178
Australia,2003Q2,204419,1.536233333,133065.0726
Belgium,2014Q3,101783.9,0.7666,132773.1542
Ireland,2021Q2,110315.981,0.830933333,132761.5304
Belgium,2019Q3,120762.4,0.9099,132720.5187
Switzerland,2008Q4,152069.175,1.146266667,132664.745
Belgium,2017Q4,111922.3,0.8439,132625.0741
Sweden,2007Q4,848966,6.4023,132603.2832
Ireland,2021Q4,115683.4719,0.875333333,132159.3358
Belgium,2013Q3,98908.2,0.749,132053.6716
Belgium,2020Q1,119326.1,0.904833333,131876.3308
Sweden,2016Q2,1089991,8.273166667,131750.1561
Sweden,2017Q2,1140124,8.655266667,131726.0396
Switzerland,2007Q4,150136.1309,1.1415,131525.3008
Sweden,2008Q3,850997,6.472533333,131478.195
Belgium,2017Q3,110816.5,0.843366667,131397.7708
Belgium,2008Q3,88571.5,0.676833333,130861.6104
Belgium,2011Q1,93724.5,0.7202,130136.7676
Belgium,2009Q4,88248.1,0.6814,129509.9795
Sweden,2019Q3,1263332,9.770133333,129305.5025
Austria,2024Q2,120184.307,0.930866667,129110.1199
Switzerland,2009Q1,149335.0177,1.157033333,129067.1698
Sweden,2016Q3,1104190,8.5624,128958.0024
Austria,2023Q2,118539.2466,0.919566667,128907.7246
Austria,2024Q1,119275.7793,0.9253,128904.9815
Belgium,2013Q2,98529.8,0.765666667,128684.9804
Austria,2023Q4,118641.9218,0.9232,128511.6137
Brazil,2001Q3,329756.6875,2.569,128359.9406
Sweden,2016Q1,1080204,8.4202,128287.2141
Belgium,2013Q1,97547.8,0.760466667,128273.6039
Austria,2023Q3,118580.3748,0.9257,128098.0607
Belgium,2011Q4,95560.9,0.746033333,128091.9977
Belgium,2012Q1,96667.6,0.7547,128087.452
Ireland,2021Q1,106612.8238,0.834766667,127715.7175
Austria,2023Q1,118155.3538,0.929333333,127139.9073
Belgium,2012Q4,97362.3,0.766033333,127099.2994
Sweden,2017Q1,1131346,8.914533333,126910.2888
Belgium,2007Q4,86971.7,0.686433333,126700.8692
Belgium,2009Q3,87777.6,0.694233333,126438.1812
Belgium,2014Q4,102197.3,0.809266667,126283.8372
Sweden,2015Q2,1057528,8.376466667,126249.8906
Sweden,2010Q3,894333,7.1116,125756.9323
Sweden,2015Q4,1077626,8.569666667,125748.8817
Sweden,2020Q2,1190962,9.4945,125437.0425
Sweden,2015Q3,1062474,8.486266667,125199.2238
Switzerland,2007Q3,148590.1209,1.191366667,124722.4092
Belgium,2010Q4,92326.8,0.744733333,123972.9657
Belgium,2017Q2,110720.9,0.8939,123862.7363
Sweden,2007Q3,828182,6.689366667,123805.7415
Belgium,2012Q2,96798,0.784666667,123361.9371
Austria,2021Q3,104644.0409,0.850733333,123004.5148
Sweden,2016Q4,1119129,9.120766667,122701.1984
Sweden,2015Q1,1032342,8.414733333,122682.6756
Austria,2021Q4,107221.2108,0.875333333,122491.863
Belgium,2012Q3,97107.1,0.795066667,122137.0535
Belgium,2010Q1,88887.8,0.7317,121481.2081
Australia,2003Q1,202414,1.666733333,121443.5423
Sweden,2007Q2,825702,6.8154,121152.3902
Switzerland,2007Q2,146863.0993,1.217966667,120580.5572
Belgium,2016Q3,107699.9,0.8934,120550.5932
Belgium,2016Q2,107231.7,0.8904,120430.9299
Austria,2021Q2,99678.04063,0.830933333,119959.1311
Belgium,2010Q3,91388.8,0.7625,119854.1639
Belgium,2007Q3,86221.5,0.721866667,119442.4178
Austria,2022Q4,115598.4946,0.968733333,119329.5313
Austria,2022Q1,106244.2019,0.894766667,118739.5618
Belgium,2009Q2,86040.4,0.725066667,118665.502
Sweden,2010Q1,857953,7.236833333,118553.6492
Sweden,2009Q4,838643,7.074366667,118546.725
Brazil,2003Q1,411929.8125,3.479333333,118393.3165
Austria,2022Q2,111600.1884,0.944466667,118162.125
Ireland,2020Q3,99774.00088,0.846533333,117861.8691
Belgium,2020Q2,105828.8,0.901166667,117435.3246
Belgium,2017Q1,109947.4,0.936566667,117394.099
Switzerland,2007Q1,143869.2512,1.226033333,117345.3015
Sweden,2009Q3,830419,7.0919,117094.0087
Austria,2018Q1,94502.72066,0.8121,116368.3298
Sweden,2007Q1,811374,6.9734,116352.7117
Switzerland,2006Q4,141686.1437,1.2205,116088.6061
Belgium,2015Q3,104228.8,0.898666667,115981.6024
Belgium,2016Q4,108437.3,0.935166667,115955.0526
Belgium,2016Q1,105098.2,0.9069,115887.3084
Belgium,2007Q2,85519.8,0.738233333,115843.8615
Austria,2020Q3,97656.76416,0.846533333,115360.8019
Austria,2008Q2,73692.77667,0.639266667,115277.0518
Sweden,2010Q2,876945,7.612233333,115202.0651
Austria,2020Q4,96570.89534,0.8383,115198.4914
Belgium,2015Q2,103522.7,0.899466667,115093.4257
Austria,2022Q3,114710.7752,0.997433333,115005.9572
Ireland,2020Q4,96209.2591,0.8383,114767.099
Sweden,2006Q4,798376,6.974366667,114472.9032
Belgium,2010Q2,90639,0.794,114154.9118
Belgium,2015Q1,102890.4,0.9035,113879.8008
Belgium,2008Q4,86590.2,0.762633333,113541.0639
Belgium,2015Q4,104896.1,0.925233333,113372.5907
Austria,2021Q1,94480.9262,0.834766667,113182.4377
Austria,2014Q2,82353.19504,0.7283,113075.9234
Switzerland,2006Q3,139285.7519,1.237766667,112529.8941
Austria,2018Q2,95070.48688,0.8462,112349.9018
Belgium,2007Q1,84905.9,0.757166667,112136.3416
Switzerland,2006Q2,137462.489,1.226666667,112061.8117
Austria,2018Q3,96178.59226,0.859433333,111909.3111
Australia,2002Q4,200165,1.7892,111874.0219
Austria,2011Q2,76741.57168,0.686433333,111797.5599
Austria,2019Q1,98100.5972,0.8814,111300.8818
Austria,2008Q1,72699.14187,0.6552,110957.1762
Austria,2019Q2,98489.88299,0.888333333,110870.4124
Austria,2019Q4,99544.576,0.898566667,110781.5143
Austria,2018Q4,97438.88551,0.8797,110763.7666
Austria,2014Q1,80860.27645,0.730633333,110671.4856
Brazil,2002Q3,376949.1875,3.409166667,110569.3046
Austria,2013Q4,80990.11625,0.733033333,110486.2665
Belgium,2009Q1,85668.8,0.7755,110469.1167
Austria,2017Q4,93099.7887,0.8439,110320.8777
Austria,2017Q3,92631.85313,0.843366667,109835.8007
Austria,2019Q3,99557.58381,0.9099,109415.962
Switzerland,2004Q4,126499.8317,1.157633333,109274.5242
Austria,2011Q3,77557.88094,0.7123,108883.7301
Austria,2008Q3,73614.27313,0.676833333,108762.7773
Belgium,2006Q4,82984.9,0.765366667,108425.025
Austria,2014Q3,83077.43967,0.7666,108371.3014
Austria,2020Q1,98048.91427,0.904833333,108361.2978
Australia,2002Q2,194265,1.798,108045.0501
Sweden,2006Q3,784448,7.266133333,107959.4833
Switzerland,2005Q1,127546.7761,1.182266667,107883.2548
Ireland,2020Q1,97492.83264,0.904833333,107746.7298
Austria,2013Q3,80646.22437,0.749,107671.8616
Brazil,2002Q4,388703.4063,3.614333333,107544.9801
Australia,2002Q3,196879,1.833,107408.0742
Austria,2011Q1,76845.32483,0.7202,106699.9789
Sweden,2006Q2,774254,7.263933333,106588.8086
Sweden,2009Q2,826988,7.776666667,106342.2203
Sweden,2008Q4,837486,7.896666667,106055.6353
Austria,2009Q4,72067.17376,0.6814,105763.3897
Austria,2007Q4,71906.71777,0.686433333,104754.1171
Austria,2013Q2,79992.07512,0.765666667,104473.7594
Switzerland,2006Q1,135591.3546,1.297933333,104467.1179
Sweden,2004Q4,711927,6.815533333,104456.5356
Australia,2000Q1,168327,1.612766667,104371.5768
Denmark,2021Q4,679327.964,6.510766667,104339.166
Austria,2013Q1,79328.93283,0.760466667,104316.121
Belgium,2006Q3,81646,0.7845,104073.9324
Austria,2012Q4,79673.2137,0.766033333,104007.5023
Switzerland,2005Q2,129060.1184,1.241733333,103935.4545
Denmark,2024Q2,720846.338,6.942433333,103831.9424
Ireland,2019Q4,93265.24239,0.898566667,103793.3476
Austria,2012Q1,78305.53643,0.7547,103757.1703
Austria,2014Q4,83892.99348,0.809266667,103665.4504
Austria,2009Q3,71957.82595,0.694233333,103650.7792
Austria,2011Q4,77059.59306,0.746033333,103292.4262
Denmark,2023Q1,713027.39,6.918,103068.4287
Denmark,2024Q1,709465.486,6.898933333,102836.9824
Austria,2017Q2,91708.35283,0.8939,102593.5259
Belgium,2006Q2,80491.3,0.784566667,102593.3212
Denmark,2022Q1,682953.252,6.6578,102579.4184
Switzerland,2005Q3,131055.3862,1.278333333,102520.5107
Sweden,2005Q1,714419,6.9692,102510.9051
Denmark,2021Q3,648539.485,6.328766667,102474.8611
Denmark,2021Q2,629944.155,6.1795,101940.9588
Switzerland,2005Q4,133098.1143,1.3059,101920.6021
Ireland,2018Q1,82730.77152,0.8121,101872.6407
Denmark,2023Q2,697911.758,6.850933333,101871.0479
Denmark,2023Q4,701374.324,6.885933333,101856.1014
Ireland,2019Q2,89584.76558,0.888333333,100845.89
Denmark,2022Q2,708030.3,7.0261,100771.4522
Austria,2012Q2,78989.71476,0.784666667,100666.5864
Ireland,2019Q3,91502.6146,0.9099,100563.3747
Ireland,2019Q1,88540.05996,0.8814,100453.8915
Denmark,2023Q3,692428.785,6.900033333,100351.513
Austria,2010Q4,74728.06768,0.744733333,100342.0477
Austria,2012Q3,79542.57076,0.795066667,100045.1586
Denmark,2022Q4,719756.759,7.208466667,99848.80173
Belgium,2004Q4,75496.1,0.757366667,99682.36433
Austria,2016Q3,89050.28202,0.8934,99675.71302
Australia,2000Q2,170508,1.711666667,99615.18987
Belgium,2005Q1,76091.6,0.764733333,99500.82818
Austria,2016Q2,88549.39124,0.8904,99449.00184
Ireland,2020Q2,89462.18508,0.901166667,99273.73968
Switzerland,2004Q2,125716.5178,1.267,99223.77096
Australia,2002Q1,190991,1.925533333,99188.62307
Switzerland,2004Q3,125153.0228,1.264666667,98961.27264
Australia,2000Q3,174765,1.7678,98860.16518
Denmark,2022Q3,733487.627,7.419766667,98855.88859
Switzerland,2004Q1,124314.7212,1.261433333,98550.36959
Austria,2009Q2,71421.64822,0.725066667,98503.56044
Austria,2007Q3,70947.32973,0.721866667,98283.14979
Denmark,2021Q1,609708.35,6.2084,98207.0018
Austria,2010Q1,71802.07449,0.7317,98130.4831
Ireland,2018Q3,84298.73213,0.859433333,98086.41213
Ireland,2017Q4,82603.45184,0.8439,97882.98594
Sweden,2006Q1,759607,7.764333333,97832.86824
Austria,2016Q1,88694.74222,0.9069,97799.91423
Ireland,2018Q2,82635.38245,0.8462,97654.67082
Sweden,2005Q2,723772,7.461966667,96994.80477
Sweden,2009Q1,828448,8.5455,96945.52689
Ireland,2018Q4,85240.96364,0.8797,96897.76473
Austria,2010Q3,73837.3898,0.7625,96835.92104
Austria,2020Q2,87223.59845,0.901166667,96789.64134
Belgium,2006Q1,80029.2,0.828933333,96544.79653
Austria,2017Q1,90253.49319,0.936566667,96366.33077
Sweden,2005Q3,737933,7.685166667,96020.42896
Switzerland,2003Q4,123803.5908,1.289866667,95981.69641
Denmark,2020Q4,597644.766,6.2411,95759.52412
Belgium,2005Q2,77011.6,0.805133333,95650.74108
Australia,2001Q4,186823,1.953633333,95628.48709
Austria,2015Q3,85924.94007,0.898666667,95613.80572
Austria,2016Q4,89288.01454,0.935166667,95478.18343
Denmark,2008Q2,453471.068,4.769433333,95078.60501
Sweden,2004Q3,710972,7.482833333,95013.74257
Austria,2007Q2,70125.9407,0.738233333,94991.5664
Belgium,2005Q3,77810.7,0.821866667,94675.57592
Austria,2015Q2,85092.52561,0.899466667,94603.3119
Austria,2015Q4,86999.86262,0.925233333,94030.18621
Belgium,2005Q4,79123.7,0.842166667,93952.54304
Australia,2001Q3,184331,1.962033333,93948.96451
Austria,2008Q4,71594.85288,0.762633333,93878.47311
Denmark,2020Q3,590513.807,6.302866667,93689.71902
Sweden,2004Q1,695405,7.440433333,93462.97035
Sweden,2005Q4,744703,7.991766667,93183.77664
Sweden,2004Q2,702179,7.543866667,93079.45527
Australia,2000Q4,173871,1.872766667,92841.78488
Austria,2015Q1,83854.4164,0.9035,92810.6435
Australia,2001Q1,178715,1.927966667,92696.1047
Ireland,2017Q3,78151.26159,0.843366667,92665.81746
Austria,2010Q2,73332.33846,0.794,92358.10889
Denmark,2008Q1,449961.373,4.882833333,92151.69601
Australia,2001Q2,180549,1.961266667,92057.34389
Austria,2007Q1,69346.16074,0.757166667,91586.38883
Denmark,2018Q1,552789.171,6.049533333,91377.15929
Belgium,2004Q3,74770.3,0.819166667,91276.0529
Austria,2009Q1,70608.28364,0.7755,91048.72165
Sweden,2003Q4,683982,7.527633333,90862.82098
Switzerland,2003Q2,121036.5002,1.334266667,90713.8754
Denmark,2008Q3,457642.855,5.0524,90579.29994
Belgium,2004Q1,72890,0.804866667,90561.5837
Denmark,2011Q2,463220.776,5.1174,90518.77438
Denmark,2014Q2,490914.868,5.433133333,90355.75567
Denmark,2014Q1,490443.233,5.4528,89943.3746
Switzerland,2003Q3,122176.2601,1.363333333,89615.83871
Denmark,2013Q4,488956.376,5.467466667,89430.15217
Belgium,2004Q2,73663.3,0.8252,89267.20795
Switzerland,2003Q1,120699.7223,1.355466667,89046.61787
Denmark,2018Q2,557875.016,6.302733333,88513.18729
Austria,2006Q4,67653.15982,0.765366667,88393.13596
Denmark,2018Q3,564956.324,6.4081,88162.84452
Denmark,2017Q4,551812.509,6.2816,87845.85281
Denmark,2007Q4,448184.34,5.118,87570.21102
Denmark,2017Q3,546795.161,6.2738,87155.33823
Denmark,2013Q3,486396.548,5.5851,87088.24336
Denmark,2014Q3,496525.511,5.7106,86948.04591
Denmark,2019Q4,583150.314,6.713833333,86858.02656
Denmark,2020Q1,586779.852,6.7587,86818.44911
Chile,2023Q1,69891400,805.7966667,86735.77702
Chile,2023Q2,69765800,805.1966667,86644.42227
Denmark,2018Q4,567921.787,6.5664,86489.06357
Denmark,2011Q3,458384.079,5.3008,86474.50932
Denmark,2019Q2,573835.689,6.635966667,86473.56411
Denmark,2019Q1,567253.621,6.578933333,86222.73433
Denmark,2011Q1,461957.85,5.3701,86024.06845
Belgium,2003Q4,71392,0.830466667,85966.12346
Denmark,2009Q4,435871.933,5.0704,85964.01329
Denmark,2019Q3,579397.042,6.791433333,85312.92491
Austria,2006Q3,66792.59802,0.7845,85140.34164
Austria,2006Q2,66234.80186,0.784566667,84422.14622
Denmark,2013Q2,481842.406,5.7095,84393.10027
Denmark,2013Q1,478359.876,5.672566667,84328.6477
Sweden,2003Q2,670422,7.956666667,84259.15375
Denmark,2011Q4,464968.394,5.547566667,83814.83666
Sweden,2003Q3,679555,8.111833333,83773.29416
Denmark,2009Q3,432308.034,5.1688,83637.98831
Ireland,2017Q2,74655.4133,0.8939,83516.51561
Denmark,2012Q4,477114.712,5.716133333,83468.08659
Switzerland,2002Q4,120715.6864,1.4471,83419.03558
Denmark,2014Q4,502377.622,6.024933333,83383.10056
Denmark,2012Q1,467540.613,5.611966667,83311.36672
Denmark,2017Q2,549764.212,6.649766667,82674.21092
Denmark,2010Q4,458126.095,5.552766667,82504.11417
Chile,2023Q3,70829088,860.3166667,82329.08968
Denmark,2020Q2,551652.374,6.7186,82108.23297
Denmark,2010Q1,445377.894,5.4471,81764.22206
Switzerland,2002Q3,120823.8616,1.486433333,81284.41345
Denmark,2007Q3,436325.347,5.377866667,81133.53752
Denmark,2012Q2,472945.286,5.8328,81083.74811
Chile,2023Q4,71347312,881.6933333,80920.77971
Austria,2004Q4,61228.14009,0.757366667,80843.45771
Denmark,2010Q3,457997.672,5.682366667,80599.8097
Chile,2024Q2,75684376,939.2566667,80579.0139
Austria,2005Q1,61553.38228,0.764733333,80489.99513
Belgium,2003Q2,69948.7,0.8703,80373.08974
Chile,2022Q1,63810568,794.5933333,80305.94434
Denmark,2012Q3,475337.37,5.9219,80267.71307
Chile,2021Q2,57785680,721.4766667,80093.6228
Belgium,2003Q3,70520.6,0.886266667,79570.4077
Denmark,2016Q3,526174.146,6.649766667,79126.70811
Sweden,2003Q1,673037,8.5073,79112.87953
Austria,2006Q1,65570.64003,0.828933333,79102.42887
Denmark,2009Q2,426852.694,5.399433333,79055.09109
Denmark,2008Q4,448645.543,5.681366667,78967.89088
Denmark,2016Q2,523204.076,6.625533333,78967.84299
Ireland,2016Q4,73768.00182,0.935166667,78882.19763
Chile,2024Q1,75404848,957.7833333,78728.50297
Chile,2021Q3,61264488,779.7866667,78565.70344
Ireland,2017Q1,73184.76478,0.936566667,78141.54335
Denmark,2007Q2,428235.488,5.495966667,77918.13779
Chile,2018Q1,46735856,600.0966667,77880.54591
Austria,2005Q3,63894.53627,0.821866667,77743.18982
Austria,2005Q2,62587.42027,0.805133333,77735.47272
Denmark,2017Q1,541217.289,6.965133333,77703.79447
Switzerland,2002Q2,120449.5865,1.556433333,77388.20796
Chile,2021Q1,56118496,726.1,77287.55819
Ireland,2016Q3,68941.69488,0.8934,77167.78026
Chile,2021Q4,63993996,830.3333333,77070.24809
Denmark,2016Q4,535514.53,6.954033333,77007.76
Ireland,2015Q3,68872.07791,0.898666667,76638.06889
Chile,2022Q4,68454008,893.2333333,76636.19957
Denmark,2010Q2,451394.131,5.910133333,76376.30245
Denmark,2016Q1,516627.451,6.764866667,76369.19934
Austria,2005Q4,64278.1396,0.842166667,76324.72543
Denmark,2007Q1,430399.183,5.6431,76269.99043
Ireland,2015Q4,70402.09057,0.925233333,76091.17401
Finland,2008Q2,48618,0.639266667,76052.7688
Denmark,2015Q3,508358.03,6.708466667,75778.57285
Denmark,2015Q2,506154.779,6.712266667,75407.43003
Denmark,2009Q1,434496.346,5.778133333,75196.66317
Belgium,2003Q1,69338.9,0.923266667,75101.70409
Finland,2023Q2,68819,0.919566667,74838.51089
Denmark,2015Q1,504223.591,6.737866667,74834.30824
Chile,2018Q2,47297524,632.4266667,74787.36507
Finland,2024Q1,68908,0.9253,74470.98238
Chile,2022Q2,64227024,863.6033333,74370.97742
Ireland,2008Q1,48722.99382,0.6552,74363.54369
Ireland,2016Q2,66091.26143,0.8904,74226.48409
Finland,2024Q2,69056,0.930866667,74184.63081
Finland,2021Q2,61570,0.830933333,74097.40051
Denmark,2015Q4,511469.38,6.9033,74090.56248
Ireland,2015Q2,66599.21145,0.899466667,74043.00117
Denmark,2006Q4,422465.758,5.7065,74032.37676
Finland,2008Q1,48505,0.6552,74030.83028
Finland,2021Q3,62967,0.850733333,74014.96748
Ireland,2016Q1,66965.95197,0.9069,73840.50278
Austria,2004Q3,60480.10417,0.819166667,73831.25637
Finland,2023Q3,68274,0.9257,73753.91596
Ireland,2008Q2,47137.78073,0.639266667,73737.27302
Sweden,2002Q4,659636,8.963633333,73590.248
Finland,2023Q4,67903,0.9232,73551.77643
Ireland,2015Q1,66434.94829,0.9035,73530.65666
Finland,2023Q1,68324,0.929333333,73519.36872
Finland,2021Q4,64311,0.875333333,73470.29703
Switzerland,2001Q4,120766.2355,1.645633333,73385.87096
Chile,2017Q4,46375836,632.5333333,73317.61594
Austria,2004Q1,59002.04817,0.804866667,73306.61166
Finland,2022Q1,65104,0.894766667,72760.86876
Chile,2022Q3,66969912,920.8766667,72724.08393
Switzerland,2001Q3,121368.4376,1.6701,72671.35953
Denmark,2006Q2,425288.973,5.852833333,72663.77646
Denmark,2006Q3,425107.701,5.851166667,72653.49378
Finland,2008Q3,49138,0.676833333,72599.85225
Chile,2019Q1,48178640,663.6533333,72596.09435
Chile,2020Q4,53993916,747.8333333,72200.46713
Austria,2004Q2,59545.80624,0.8252,72159.24168
Ireland,2007Q4,49503.78843,0.686433333,72117.40169
Finland,2011Q2,49273,0.686433333,71781.18778
Finland,2021Q1,59916,0.834766667,71775.74572
Switzerland,2001Q1,120724.8176,1.682133333,71768.87537
Chile,2018Q3,47216412,658.5533333,71697.17259
Chile,2017Q3,45601872,637.7666667,71502.43872
Finland,2020Q4,59751,0.8383,71276.3927
Chile,2013Q1,33536920,471.6666667,71103.0106
Chile,2019Q2,48860632,687.9833333,71020.08091
Switzerland,2002Q1,120546.9124,1.6989,70955.8611
Finland,2018Q1,57554,0.8121,70870.58244
Finland,2014Q2,51348,0.7283,70503.91322
Switzerland,2000Q4,120415.702,1.712966667,70296.58213
Chile,2018Q4,48230184,686.6266667,70242.22382
Finland,2007Q4,48127,0.686433333,70111.68844
Austria,2003Q4,58188.91895,0.830466667,70067.73575
Finland,2022Q2,66169,0.944466667,70059.64566
Belgium,2002Q4,69267.8,0.9891,70031.13942
Finland,2014Q1,51103,0.730633333,69943.42808
Finland,2022Q4,67733,0.968733333,69919.13839
Finland,2013Q4,51253,0.733033333,69919.0578
Finland,2020Q3,59169,0.846533333,69895.65286
Chile,2012Q4,33475706,479.82,69767.21687
Sweden,2002Q3,653651,9.370333333,69757.49707
Switzerland,2000Q1,115854.3787,1.6627,69678.46199
Finland,2011Q3,49599,0.7123,69632.17745
Switzerland,2000Q2,116763.906,1.679833333,69509.22074
Switzerland,2000Q3,118634.6697,1.711933333,69298.65049
Chile,2019Q3,49620600,717.5,69157.63066
Ireland,2008Q3,46728.31927,0.676833333,69039.62463
Ireland,2014Q2,50256.97624,0.7283,69005.87154
Chile,2013Q2,33839860,492.6,68696.42712
Denmark,2004Q4,385658.64,5.627933333,68525.80106
Finland,2013Q3,51128,0.749,68261.68224
Switzerland,2001Q2,121103.7576,1.774366667,68251.82182
Finland,2018Q2,57690,0.8462,68175.37225
Chile,2012Q3,32622604,478.79,68135.51661
Denmark,2005Q1,387169.112,5.693266667,68004.7387
Finland,2011Q1,48948,0.7202,67964.45432
Chile,2013Q3,34533332,509.5233333,67775.76166
Finland,2017Q4,57129,0.8439,67696.40953
Sweden,2000Q2,601078,8.8831,67665.34205
Finland,2018Q3,58083,0.859433333,67582.90346
Belgium,2002Q3,68680.7,1.018233333,67450.84624
Finland,2014Q3,51686,0.7666,67422.38456
Chile,2013Q4,35263752,523.4066667,67373.52473
Ireland,2007Q2,49699.08111,0.738233333,67321.64326
Finland,2022Q3,67118,0.997433333,67290.71283
Finland,2019Q2,59588,0.888333333,67078.42402
Finland,2020Q1,60629,0.904833333,67005.71008
Finland,2019Q1,59045,0.8814,66990.01588
Sweden,2002Q2,650733,9.716,66975.4014
Ireland,2007Q3,48334.41388,0.721866667,66957.53677
Finland,2019Q4,60066,0.898566667,66846.45918
Finland,2017Q3,56343,0.843366667,66807.24082
Finland,2011Q4,49835,0.746033333,66799.96426
Ireland,2014Q1,48715.35101,0.730633333,66675.51122
Denmark,2006Q1,412378.321,6.186066667,66662.44372
Sweden,2000Q1,583197,8.7522,66634.33194
Finland,2018Q4,58578,0.8797,66588.60975
Finland,2012Q1,50199,0.7547,66515.17159
Finland,2009Q4,45316,0.6814,66504.25594
Finland,2013Q2,50816,0.765666667,66368.30649
Chile,2017Q2,44229016,667.9033333,66220.68463
Denmark,2005Q2,396875.118,5.995033333,66200.65243
Finland,2013Q1,50300,0.760466667,66143.59604
Austria,2003Q2,57557.94726,0.8703,66135.75464
Chile,2017Q1,43038036,652.4133333,65967.43782
Chile,2014Q2,36621376,555.1766667,65963.46388
Finland,2019Q3,59819,0.9099,65742.38927
Ireland,2014Q3,50334.37286,0.7666,65659.23932
Finland,2012Q4,50191,0.766033333,65520.64749
Finland,2009Q3,45456,0.694233333,65476.54487
Ireland,2007Q1,49560.10761,0.757166667,65454.68758
Chile,2012Q1,31833350,486.3666667,65451.33987
Denmark,2005Q3,400386.346,6.133,65283.93054
Finland,2007Q3,47062,0.721866667,65194.86516
Austria,2003Q3,57682.29864,0.886266667,65084.5855
Finland,2010Q4,48445,0.744733333,65050.1298
Sweden,2000Q3,610977,9.412533333,64911.00518
Chile,2014Q1,35873780,554.0466667,64748.66136
Chile,2016Q4,43012544,665.7266667,64609.91598
Denmark,2005Q4,405647.974,6.282666667,64566.20978
Chile,2011Q2,29944192,464.05,64527.94311
Chile,2012Q2,32210208,500.3833333,64371.06485
Chile,2014Q4,38218380,596.3866667,64083.22341
Belgium,2002Q2,68026.5,1.0634,63970.75418
Chile,2020Q3,49368688,772.47,63910.16868
Finland,2014Q4,51718,0.809266667,63907.24112
Chile,2016Q3,42368176,664.16,63792.12238
Chile,2019Q4,48730880,765.0733333,63694.39095
Finland,2012Q2,49936,0.784666667,63639.76211
Ireland,2011Q2,43642.48232,0.686433333,63578.61747
Chile,2015Q2,39420872,622.5066667,63326.02382
Chile,2014Q3,36986916,585.3466667,63188.05266
Finland,2020Q2,56838,0.901166667,63071.57389
Finland,2012Q3,50052,0.795066667,62953.21147
Finland,2007Q2,46461,0.738233333,62935.38628
Finland,2008Q4,47992,0.762633333,62929.32383
Chile,2011Q3,30182420,479.7166667,62917.18028
Sweden,2001Q1,619849,9.895,62642.6478
Chile,2011Q1,29969016,478.4166667,62642.08187
Ireland,2013Q3,46880.79078,0.749,62591.17594
Finland,2017Q2,55947,0.8939,62587.53776
Sweden,2000Q4,613572,9.805966667,62571.29163
Chile,2015Q1,39082028,624.6,62571.29043
Ireland,2014Q4,50580.58407,0.809266667,62501.75147
Finland,2010Q1,45629,0.7317,62360.25694
Finland,2009Q2,45202,0.725066667,62341.85362
Ireland,2013Q4,45615.78454,0.733033333,62228.79979
Denmark,2004Q3,378359.961,6.095766667,62069.29853
Denmark,2004Q1,371905.064,5.995766667,62027.94149
Ireland,2006Q4,47429.56168,0.765366667,61969.72476
Austria,2003Q1,57202.14097,0.923266667,61956.2506
Finland,2010Q3,47036,0.7625,61686.55738
Chile,2016Q2,41372780,671.39,61622.57406
Chile,2011Q4,31243926,508.15,61485.63613
Chile,2020Q1,50599044,823.59,61437.17626
Ireland,2011Q3,43759.34061,0.7123,61433.86299
Chile,2010Q4,29491900,481.25,61281.87013
Sweden,2002Q1,642280,10.48943333,61231.14372
Ireland,2009Q3,42295.61506,0.694233333,60924.20664
Denmark,2004Q2,373750.588,6.137833333,60892.919
Finland,2016Q3,54257,0.8934,60730.9156
Belgium,2000Q1,62979.7,1.037966667,60676.03327
Finland,2016Q2,53546,0.8904,60137.01707
Sweden,2001Q4,636346,10.59103333,60083.46683
Ireland,2009Q4,40896.39301,0.6814,60018.18757
Finland,2007Q1,45409,0.757166667,59972.26502
Chile,2016Q1,41550404,692.9333333,59963.06138
Belgium,2001Q3,66316.8,1.111366667,59671.39558
Belgium,2001Q4,66533,1.116433333,59594.24357
Belgium,2000Q2,63734.3,1.070633333,59529.53081
Belgium,2001Q1,65254.8,1.096666667,59502.85714
Ireland,2006Q3,46601.99932,0.7845,59403.44082
Sweden,2001Q3,626449,10.54933333,59382.8046
Ireland,2009Q2,43038.82935,0.725066667,59358.4443
Denmark,2003Q4,366525.516,6.179933333,59308.97572
Ireland,2011Q1,42701.87686,0.7202,59291.69239
Ireland,2013Q2,45383.71788,0.765666667,59273.46697
Finland,2010Q2,47037,0.794,59240.55416
Finland,2017Q1,55287,0.936566667,59031.56921
Finland,2009Q1,45761,0.7755,59008.38169
Finland,2016Q1,53514,0.9069,59007.60834
Ireland,2013Q1,44749.03011,0.760466667,58844.1704
Sweden,2001Q2,625201,10.62866667,58822.14765
Finland,2015Q3,52732,0.898666667,58678.04154
Ireland,2006Q2,46027.71872,0.784566667,58666.42145
Finland,2015Q2,52668,0.899466667,58554.69908
Ireland,2012Q1,44070.12305,0.7547,58394.22691
Ireland,2008Q4,44501.9535,0.762633333,58353.0139
Belgium,2002Q1,67280.9,1.1542,58292.23705
Finland,2016Q4,54400,0.935166667,58171.44894
Belgium,2000Q4,65340.7,1.128433333,57903.90807
Belgium,2000Q3,64321.7,1.1121,57838.05413
Ireland,2011Q4,43078.99388,0.746033333,57744.06042
Finland,2006Q4,44146,0.765366667,57679.54357
Chile,2015Q3,39572452,687.59,57552.39605
Austria,2002Q4,56766.88397,0.9891,57392.4618
Chile,2015Q4,40350672,703.1733333,57383.6778
Finland,2015Q1,51793,0.9035,57324.84781
Finland,2015Q4,52999,0.925233333,57281.76676
Ireland,2012Q4,43713.67978,0.766033333,57064.98382
Belgium,2001Q2,66230.2,1.161433333,57024.53864
Chile,2010Q3,28622214,502.6,56948.29686
Ireland,2012Q2,44652.19975,0.784666667,56905.947
Chile,2020Q2,46532504,818.2333333,56869.47977
Ireland,2010Q1,41387.14791,0.7317,56563.00111
Ireland,2010Q4,42071.94469,0.744733333,56492.63005
Ireland,2009Q1,43403.02033,0.7755,55967.78895
Ireland,2012Q3,44354.09753,0.795066667,55786.63952
Austria,2002Q3,56567.15829,1.018233333,55554.21968
Finland,2006Q3,43491,0.7845,55437.85851
Ireland,2010Q3,42185.95466,0.7625,55325.84218
Denmark,2003Q2,355649.253,6.468633333,54980.58627
Denmark,2003Q3,359250.601,6.579033333,54605.37784
Finland,2006Q2,42779,0.784566667,54525.64048
Ireland,2006Q1,45057.99842,0.828933333,54356.60096
Ireland,2005Q1,41290.8821,0.764733333,53993.83066
Finland,2005Q1,41049,0.764733333,53677.53465
Finland,2004Q4,40534,0.757366667,53519.65142
Ireland,2004Q4,40277.65509,0.757366667,53181.18273
Chile,2008Q1,24021666,452.0266667,53142.14353
Austria,2002Q2,56262.23285,1.0634,52907.87366
Ireland,2005Q2,42440.03925,0.805133333,52711.81491
Ireland,2010Q2,41595.76165,0.794,52387.60913
Denmark,2003Q1,357467.927,6.861466667,52097.88874
Ireland,2005Q3,42739.4136,0.821866667,52002.85561
Ireland,2005Q4,43774.8555,0.842166667,51978.85078
Finland,2006Q1,42445,0.828933333,51204.35902
Finland,2005Q2,40701,0.805133333,50551.87547
Chile,2010Q2,26844918,531.75,50484.09591
Austria,2000Q1,52391.96808,1.037966667,50475.57861
Finland,2005Q3,41233,0.821866667,50169.93835
Austria,2001Q1,54410.333,1.096666667,49614.28541
Austria,2001Q3,55053.29223,1.111366667,49536.56959
Finland,2005Q4,41683,0.842166667,49494.95349
Austria,2001Q4,55230.92393,1.116433333,49470.86609
Chile,2009Q4,25309574,511.9833333,49434.37091
Austria,2000Q2,52738.43541,1.070633333,49259.10092
Chile,2010Q1,25758880,524.5333333,49108.18505
Chile,2008Q2,23816026,489.0833333,48695.23121
Finland,2004Q3,39799,0.819166667,48584.74059
Finland,2004Q1,39031,0.804866667,48493.74638
Denmark,2002Q4,355947.061,7.348533333,48437.83716
Austria,2000Q3,53622.68038,1.1121,48217.49877
Austria,2002Q1,55619.03645,1.1542,48188.38715
Austria,2000Q4,53858.43254,1.128433333,47728.50194
Finland,2004Q2,39377,0.8252,47718.12894
Ireland,2004Q2,39237.84724,0.8252,47549.4998
Ireland,2004Q3,38873.34141,0.819166667,47454.74028
Ireland,2004Q1,38041.46274,0.804866667,47264.30391
Austria,2001Q2,54862.61287,1.161433333,47236.98837
Denmark,2002Q3,355125.537,7.5631,46955.02334
Finland,2003Q4,38466,0.830466667,46318.53576
Chile,2007Q4,23009168,498.8833333,46121.34033
Ireland,2003Q4,38054.57828,0.830466667,45823.12548
Denmark,2002Q2,351740.723,7.906933333,44485.10038
Chile,2009Q3,24116608,548.1833333,43993.69068
Chile,2008Q3,22982810,523.1166667,43934.38685
Chile,2007Q3,22693738,518.76,43746.12152
Finland,2003Q2,37745,0.8703,43370.10226
Chile,2007Q2,22644610,526.2333333,43031.5006
Finland,2003Q3,38106,0.886266667,42996.08846
Chile,2009Q2,23526960,558.95,42091.34985
Denmark,2001Q4,348864.913,8.307233333,41995.3189
Denmark,2000Q1,323516.764,7.707766667,41972.82793
Denmark,2001Q3,344884.835,8.2729,41688.50524
Ireland,2003Q2,35958.34051,0.8703,41317.17857
Denmark,2001Q1,337693.148,8.193266667,41215.9352
Denmark,2000Q2,329024.885,7.9944,41156.92047
Denmark,2002Q1,348665.956,8.5726,40672.13634
Denmark,2000Q4,341971.322,8.412366667,40651.02433
Chile,2007Q1,22001200,541.2766667,40646.86574
Ireland,2003Q3,35959.45561,0.886266667,40574.0811
Finland,2003Q1,37397,0.923266667,40505.09062
Denmark,2000Q3,331469.607,8.297766667,39946.84598
Chile,2006Q4,20894924,528.0833333,39567.47483
Denmark,2001Q2,340833.634,8.671133333,39306.6997
Chile,2006Q3,20995890,538.95,38957.02755
Chile,2006Q2,20548676,529.0666667,38839.48337
Chile,2009Q1,23133368,598.8833333,38627.50341
Ireland,2003Q1,35263.30467,0.923266667,38194.0624
Finland,2002Q4,37549,0.9891,37962.79446
Chile,2006Q1,19228648,523.6433333,36720.88763
Finland,2002Q3,37018,1.018233333,36355.12489
Ireland,2002Q4,34708.07789,0.9891,35090.56505
Finland,2002Q2,37157,1.0634,34941.69645
Chile,2008Q4,22893520,656.4333333,34875.62078
Chile,2005Q4,18027074,525.0166667,34336.19377
Ireland,2002Q3,34639.86715,1.018233333,34019.57686
Finland,2001Q1,35902,1.096666667,32737.38602
Finland,2001Q3,36368,1.111366667,32723.67356
Finland,2001Q4,36244,1.116433333,32464.09698
Chile,2005Q3,17525864,544.8333333,32167.38574
Finland,2000Q1,33053,1.037966667,31843.98985
Finland,2002Q1,36716,1.1542,31810.77803
Finland,2000Q2,33657,1.070633333,31436.53289
Ireland,2002Q2,33317.94753,1.0634,31331.52861
Finland,2000Q4,35214,1.128433333,31206.09695
Finland,2001Q2,36099,1.161433333,31081.42238
Finland,2000Q3,34462,1.1121,30988.22048
Ireland,2002Q1,33272.96579,1.1542,28827.72984
Chile,2005Q2,16688427,581.0766667,28719.83674
Ireland,2001Q4,31154.15709,1.116433333,27905.07607
Chile,2005Q1,16107244,581.25,27711.38753
Ireland,2001Q3,30623.18276,1.111366667,27554.52694
Ireland,2001Q1,29942.39074,1.096666667,27303.09186
Chile,2004Q4,15836776,585.3666667,27054.45476
Ireland,2001Q2,30378.73163,1.161433333,26156.24226
Ireland,2000Q4,28859.35153,1.128433333,25574.7067
Ireland,2000Q2,26696.45112,1.070633333,24935.19517
Ireland,2000Q3,27484.09135,1.1121,24713.68703
Ireland,2000Q1,25626.74806,1.037966667,24689.3748
Chile,2004Q3,15464766,626.6233333,24679.52465
Chile,2004Q1,14127892,594.9333333,23747.01703
Chile,2004Q2,14758515,632.5433333,23332.02205
Chile,2003Q4,13631282,613.7233333,22210.79314
Chile,2000Q1,10242171,507.9,20165.72357
Chile,2000Q2,10378438,526.4166667,19715.25344
Chile,2003Q3,13312192,688.6833333,19329.91748
Chile,2000Q4,10989142,574.0833333,19142.06764
Chile,2001Q1,11036963,577.04,19126.85949
Chile,2000Q3,10681964,560.45,19059.61995
Chile,2003Q2,13118589,704.3166667,18625.98121
Chile,2001Q2,11315695,614.5166667,18413.97575
Chile,2002Q2,11871585,662.85,17909.91174
Chile,2002Q4,12631598,716.9166667,17619.3393
Chile,2002Q1,11676740,669.0833333,17451.84705
Chile,2003Q1,12781511,739.3,17288.66631
Chile,2001Q4,11705672,686.9833333,17039.23724
Chile,2002Q3,12259595,721.9,16982.40061
Chile,2001Q3,11456735,676.05,16946.5794
Australia,2024Q3,,1.484433333,
Belgium,2024Q3,,0.908966667,
Brazil,2024Q3,,5.5695,
Canada,2024Q3,,1.360833333,
Chile,2024Q3,,917.9566667,
Denmark,2024Q3,,6.778866667,
Finland,2024Q3,,0.908966667,
Ireland,2024Q3,,0.908966667,
Italy,2024Q3,,0.908966667,
Japan,2024Q3,,146.5866667,
Sweden,2024Q3,,10.36523333,
Switzerland,2024Q3,,0.857733333,
United Kingdom,2024Q3,,0.7622,