Country,Quarter,Liabilities
AT,2000-Q1,80982.365
AU,2000-Q1,202512.219
BE,2000-Q1,691109.436
CA,2000-Q1,93249.288
CH,2000-Q1,1538022.413
DE,2000-Q1,1906835.883
DK,2000-Q1,127909.402
ES,2000-Q1,200003.024
FI,2000-Q1,31356.676
FR,2000-Q1,1070046.332
GB,2000-Q1,3562425.558
HK,2000-Q1,337835.023
IE,2000-Q1,330258.854
IT,2000-Q1,246219.151
JP,2000-Q1,851272.5920000001
NL,2000-Q1,639296.413
SE,2000-Q1,216871.454
US,2000-Q1,2067801.953
AT,2000-Q2,75060.457
AU,2000-Q2,224712.106
BE,2000-Q2,545599.264
CA,2000-Q2,99975.602
CH,2000-Q2,1137750.209
DE,2000-Q2,1784996.73
DK,2000-Q2,106768.809
ES,2000-Q2,204558.71
FI,2000-Q2,37410.986
FR,2000-Q2,904267.935
GB,2000-Q2,3461420.742
HK,2000-Q2,313286.755
IE,2000-Q2,307907.884
IT,2000-Q2,241383.109
JP,2000-Q2,1154623.601
NL,2000-Q2,571874.019
SE,2000-Q2,189845.769
US,2000-Q2,2326526.2509999997
AT,2000-Q3,82971.42099999999
AU,2000-Q3,228169.884
BE,2000-Q3,529551.311
CA,2000-Q3,89699.111
CH,2000-Q3,1359553.005
DE,2000-Q3,1683633.261
DK,2000-Q3,110269.189
ES,2000-Q3,200938.602
FI,2000-Q3,29959.709
FR,2000-Q3,1027481.438
GB,2000-Q3,3428163.668
HK,2000-Q3,310797.262
IE,2000-Q3,320284.15
IT,2000-Q3,245335.598
JP,2000-Q3,986793.852
NL,2000-Q3,575558.11
SE,2000-Q3,172995.642
US,2000-Q3,2253030.9529999997
AT,2000-Q4,70620.06999999999
AU,2000-Q4,238752.236
BE,2000-Q4,494469.08
CA,2000-Q4,96376.922
CH,2000-Q4,1369739.324
DE,2000-Q4,1865294.828
DK,2000-Q4,111779.144
ES,2000-Q4,230730.677
FI,2000-Q4,49217.582
FR,2000-Q4,1117918.679
GB,2000-Q4,3741889.741
HK,2000-Q4,320607.30199999997
IE,2000-Q4,336240.975
IT,2000-Q4,262185.728
JP,2000-Q4,1246378.066
NL,2000-Q4,464175.793
SE,2000-Q4,205551.412
US,2000-Q4,2336011.679
AT,2001-Q1,73660.526
AU,2001-Q1,232870.843
BE,2001-Q1,569281.1579999999
CA,2001-Q1,110279.049
CH,2001-Q1,1437116.525
DE,2001-Q1,2201112.377
DK,2001-Q1,132624.938
ES,2001-Q1,236900.935
FI,2001-Q1,57988.775
FR,2001-Q1,1251874.56
GB,2001-Q1,4128704.797
HK,2001-Q1,318667.091
IE,2001-Q1,389284.091
IT,2001-Q1,294288.813
JP,2001-Q1,1128850.589
NL,2001-Q1,792799.762
SE,2001-Q1,212740.524
US,2001-Q1,2408655.7800000003
AT,2001-Q2,90414.462
AU,2001-Q2,227411.253
BE,2001-Q2,554478.451
CA,2001-Q2,93365.276
CH,2001-Q2,1267061.201
DE,2001-Q2,1822216.636
DK,2001-Q2,108168.274
ES,2001-Q2,210997.506
FI,2001-Q2,46530.046
FR,2001-Q2,1137452.094
GB,2001-Q2,3527590.361
HK,2001-Q2,275134.639
IE,2001-Q2,346705.374
IT,2001-Q2,268255.31999999995
JP,2001-Q2,922485.79
NL,2001-Q2,539963.743
SE,2001-Q2,176754.591
US,2001-Q2,2507296.287
AT,2001-Q3,71477.496
AU,2001-Q3,215970.107
BE,2001-Q3,661156.161
CA,2001-Q3,116271.152
CH,2001-Q3,1212068.171
DE,2001-Q3,1952529.854
DK,2001-Q3,112199.754
ES,2001-Q3,227467.682
FI,2001-Q3,59141.654
FR,2001-Q3,1071883.926
GB,2001-Q3,3776607.233
HK,2001-Q3,273763.711
IE,2001-Q3,376783.67
IT,2001-Q3,267303.616
JP,2001-Q3,1038543.422
NL,2001-Q3,657676.774
SE,2001-Q3,198175.417
US,2001-Q3,2198351.8989999997
AT,2001-Q4,77932.80799999999
AU,2001-Q4,247968.762
BE,2001-Q4,605499.439
CA,2001-Q4,115724.73
CH,2001-Q4,1274128.14
DE,2001-Q4,1779838.054
DK,2001-Q4,86884.304
ES,2001-Q4,225269.768
FI,2001-Q4,70521.307
FR,2001-Q4,1146634.472
GB,2001-Q4,4393325.657
HK,2001-Q4,246777.191
IE,2001-Q4,422545.584
IT,2001-Q4,238572.016
JP,2001-Q4,1083922.11
NL,2001-Q4,596284.2690000001
SE,2001-Q4,127760.994
US,2001-Q4,2737804.644
AT,2002-Q1,65435.422
AU,2002-Q1,253538.168
BE,2002-Q1,619852.313
CA,2002-Q1,119372.545
CH,2002-Q1,1355667.591
DE,2002-Q1,1897606.738
DK,2002-Q1,165094.563
ES,2002-Q1,230665.058
FI,2002-Q1,77314.022
FR,2002-Q1,1111584.629
GB,2002-Q1,4031741.95
HK,2002-Q1,233996.029
IE,2002-Q1,432582.004
IT,2002-Q1,249569.754
JP,2002-Q1,924272.703
NL,2002-Q1,696839.287
SE,2002-Q1,220052.325
US,2002-Q1,2522359.625
AT,2002-Q2,82022.201
AU,2002-Q2,308341.882
BE,2002-Q2,711515.23
CA,2002-Q2,119051.056
CH,2002-Q2,1377235.855
DE,2002-Q2,2055395.256
DK,2002-Q2,118781.208
ES,2002-Q2,286278.619
FI,2002-Q2,73304.944
FR,2002-Q2,1160128.184
GB,2002-Q2,4306645.552
HK,2002-Q2,247123.988
IE,2002-Q2,432096.519
IT,2002-Q2,277356.664
JP,2002-Q2,979778.61
NL,2002-Q2,694402.157
SE,2002-Q2,221304.518
US,2002-Q2,2653541.839
AT,2002-Q3,79503.21299999999
AU,2002-Q3,298924.145
BE,2002-Q3,692670.713
CA,2002-Q3,125043.198
CH,2002-Q3,1302908.028
DE,2002-Q3,2150391.805
DK,2002-Q3,145160.888
ES,2002-Q3,275418.042
FI,2002-Q3,92167.252
FR,2002-Q3,1264889.282
GB,2002-Q3,4568335.987
HK,2002-Q3,235707.2
IE,2002-Q3,460494.706
IT,2002-Q3,247151.774
JP,2002-Q3,979222.941
NL,2002-Q3,746703.505
SE,2002-Q3,202358.7
US,2002-Q3,2652472.417
AT,2002-Q4,72065.08600000001
AU,2002-Q4,319828.82
BE,2002-Q4,709679.007
BR,2002-Q4,74168.0
CA,2002-Q4,120199.847
CH,2002-Q4,1466134.094
CL,2002-Q4,16928.0
DE,2002-Q4,2134821.012
DK,2002-Q4,120297.191
ES,2002-Q4,281823.05700000003
FI,2002-Q4,35557.876
FR,2002-Q4,1368287.435
GB,2002-Q4,4945302.291
HK,2002-Q4,243494.134
IE,2002-Q4,484555.245
IT,2002-Q4,285776.853
JP,2002-Q4,1196913.451
NL,2002-Q4,829669.423
SE,2002-Q4,233007.452
US,2002-Q4,2830275.439
AT,2003-Q1,91812.205
AU,2003-Q1,347326.738
BE,2003-Q1,765579.439
BR,2003-Q1,86481.832
CA,2003-Q1,149231.242
CH,2003-Q1,1415356.563
CL,2003-Q1,17504.532
DE,2003-Q1,2419810.6229999997
DK,2003-Q1,270700.127
ES,2003-Q1,332442.54199999996
FI,2003-Q1,99541.306
FR,2003-Q1,1434924.992
GB,2003-Q1,5357738.515000001
HK,2003-Q1,236362.451
IE,2003-Q1,441111.939
IT,2003-Q1,344918.958
JP,2003-Q1,953434.392
NL,2003-Q1,876104.342
SE,2003-Q1,265855.219
US,2003-Q1,4057008.943
AT,2003-Q2,85093.986
AU,2003-Q2,387507.651
BE,2003-Q2,823752.51
BR,2003-Q2,73231.50200000001
CA,2003-Q2,106990.211
CH,2003-Q2,1483075.762
CL,2003-Q2,20263.477
DE,2003-Q2,2424755.156
DK,2003-Q2,184012.564
ES,2003-Q2,342593.141
FI,2003-Q2,101062.617
FR,2003-Q2,1483221.329
GB,2003-Q2,5733684.768
HK,2003-Q2,232298.237
IE,2003-Q2,500699.482
IT,2003-Q2,333274.80700000003
JP,2003-Q2,1166209.541
NL,2003-Q2,934150.945
SE,2003-Q2,310381.363
US,2003-Q2,3342458.39
AT,2003-Q3,93793.257
AU,2003-Q3,357746.339
BE,2003-Q3,870323.571
BR,2003-Q3,68932.523
CA,2003-Q3,132678.938
CH,2003-Q3,1416682.843
CL,2003-Q3,19070.666
DE,2003-Q3,2428396.233
DK,2003-Q3,167761.416
ES,2003-Q3,382881.26
FI,2003-Q3,33030.907
FR,2003-Q3,1432996.723
GB,2003-Q3,5397081.216
HK,2003-Q3,236519.478
IE,2003-Q3,644959.029
IT,2003-Q3,333330.155
JP,2003-Q3,970353.471
NL,2003-Q3,867724.674
SE,2003-Q3,245349.782
US,2003-Q3,3555962.278
AT,2003-Q4,95477.637
AU,2003-Q4,626704.942
BE,2003-Q4,1066025.856
BR,2003-Q4,63969.782
CA,2003-Q4,145671.229
CH,2003-Q4,1528826.925
CL,2003-Q4,4819.355
DE,2003-Q4,2532596.586
DK,2003-Q4,236544.497
ES,2003-Q4,406452.609
FI,2003-Q4,71336.638
FR,2003-Q4,1611214.822
GB,2003-Q4,6009100.835
HK,2003-Q4,290941.947
IE,2003-Q4,739856.882
IT,2003-Q4,364965.194
JP,2003-Q4,1009109.389
NL,2003-Q4,1022608.497
SE,2003-Q4,260807.095
US,2003-Q4,3557873.308
AT,2004-Q1,100174.999
AU,2004-Q1,552939.965
BE,2004-Q1,1119280.193
BR,2004-Q1,101367.177
CA,2004-Q1,121744.302
CH,2004-Q1,1721624.047
CL,2004-Q1,11511.801
DE,2004-Q1,2787477.8449999997
DK,2004-Q1,211290.207
ES,2004-Q1,388752.839
FI,2004-Q1,89650.05500000001
FR,2004-Q1,1945120.396
GB,2004-Q1,6908635.016
HK,2004-Q1,303078.97000000003
IE,2004-Q1,676445.468
IT,2004-Q1,391641.882
JP,2004-Q1,1142293.944
NL,2004-Q1,1029260.856
SE,2004-Q1,328491.708
US,2004-Q1,4059682.685
AT,2004-Q2,98449.061
AU,2004-Q2,515244.265
BE,2004-Q2,1049445.644
BR,2004-Q2,70748.447
CA,2004-Q2,150710.423
CH,2004-Q2,1581002.027
CL,2004-Q2,12989.625
DE,2004-Q2,2408067.736
DK,2004-Q2,231871.219
ES,2004-Q2,449178.231
FI,2004-Q2,105996.938
FR,2004-Q2,1925933.241
GB,2004-Q2,6372560.294
HK,2004-Q2,326441.97000000003
IE,2004-Q2,766403.791
IT,2004-Q2,354889.153
JP,2004-Q2,1233138.167
NL,2004-Q2,1050738.48
SE,2004-Q2,310657.175
US,2004-Q2,3948412.846
AT,2004-Q3,107765.173
AU,2004-Q3,522517.517
BE,2004-Q3,1049657.214
BR,2004-Q3,60294.019
CA,2004-Q3,142109.281
CH,2004-Q3,1485799.774
CL,2004-Q3,16678.197
DE,2004-Q3,2669909.388
DK,2004-Q3,249095.48
ES,2004-Q3,398453.391
FI,2004-Q3,160497.835
FR,2004-Q3,1800189.293
GB,2004-Q3,6929717.65
HK,2004-Q3,293882.0
IE,2004-Q3,1270089.382
IT,2004-Q3,352398.94600000005
JP,2004-Q3,1045952.863
NL,2004-Q3,1128755.442
SE,2004-Q3,302741.567
US,2004-Q3,4043558.445
AT,2004-Q4,105881.951
AU,2004-Q4,656687.5279999999
BE,2004-Q4,1166227.781
BR,2004-Q4,61805.848
CA,2004-Q4,134808.073
CH,2004-Q4,1706679.381
CL,2004-Q4,24006.285
DE,2004-Q4,2804302.422
DK,2004-Q4,274478.332
ES,2004-Q4,433199.7780000001
FI,2004-Q4,131483.046
FR,2004-Q4,2240332.6119999997
GB,2004-Q4,7335188.498
HK,2004-Q4,311882.07
IE,2004-Q4,1240033.632
IT,2004-Q4,417373.122
JP,2004-Q4,1142189.112
NL,2004-Q4,1220807.979
SE,2004-Q4,402562.164
US,2004-Q4,4659273.8
AT,2005-Q1,114562.212
AU,2005-Q1,574230.515
BE,2005-Q1,1441300.975
BR,2005-Q1,76593.327
CA,2005-Q1,138353.497
CH,2005-Q1,1660246.293
CL,2005-Q1,18096.39
DE,2005-Q1,3091672.647
DK,2005-Q1,352579.038
ES,2005-Q1,434783.849
FI,2005-Q1,210681.891
FR,2005-Q1,2230886.612
GB,2005-Q1,8076072.226
HK,2005-Q1,257890.786
IE,2005-Q1,1308452.893
IT,2005-Q1,433974.195
JP,2005-Q1,1494908.694
NL,2005-Q1,1369434.477
SE,2005-Q1,395791.729
US,2005-Q1,3982601.564
AT,2005-Q2,329380.175
AU,2005-Q2,594585.7000000001
BE,2005-Q2,1240399.094
BR,2005-Q2,66220.245
CA,2005-Q2,145128.948
CH,2005-Q2,1804272.872
CL,2005-Q2,18924.556
DE,2005-Q2,2695809.284
DK,2005-Q2,303065.233
ES,2005-Q2,421664.253
FI,2005-Q2,93189.83
FR,2005-Q2,2290797.465
GB,2005-Q2,7857068.229
HK,2005-Q2,297988.653
IE,2005-Q2,1283075.387
IT,2005-Q2,431243.389
JP,2005-Q2,1428813.705
NL,2005-Q2,1168254.694
SE,2005-Q2,480649.103
US,2005-Q2,4841786.268
AT,2005-Q3,235443.551
AU,2005-Q3,590465.3609999999
BE,2005-Q3,1330421.716
BR,2005-Q3,66091.177
CA,2005-Q3,200507.251
CH,2005-Q3,1906889.855
CL,2005-Q3,17317.852
DE,2005-Q3,2732811.0179999997
DK,2005-Q3,342758.562
ES,2005-Q3,453097.362
FI,2005-Q3,83846.174
FR,2005-Q3,2218403.442
GB,2005-Q3,7844337.93
HK,2005-Q3,286910.115
IE,2005-Q3,1357558.033
IT,2005-Q3,425020.623
JP,2005-Q3,1383802.153
NL,2005-Q3,1249660.406
SE,2005-Q3,366018.928
US,2005-Q3,5058025.076
AT,2005-Q4,232628.215
AU,2005-Q4,638734.651
BE,2005-Q4,1287898.857
BR,2005-Q4,80888.179
CA,2005-Q4,185421.188
CH,2005-Q4,1686470.206
CL,2005-Q4,20328.201
DE,2005-Q4,2559406.818
DK,2005-Q4,275130.78500000003
ES,2005-Q4,459526.274
FI,2005-Q4,89032.572
FR,2005-Q4,2780136.014
GB,2005-Q4,7666920.001
HK,2005-Q4,325477.089
IE,2005-Q4,1446763.367
IT,2005-Q4,394777.774
JP,2005-Q4,1455457.598
NL,2005-Q4,1130138.152
SE,2005-Q4,365651.694
US,2005-Q4,4834528.42
AT,2006-Q1,282838.418
AU,2006-Q1,629550.564
BE,2006-Q1,1358057.686
BR,2006-Q1,91047.072
CA,2006-Q1,198354.596
CH,2006-Q1,2111136.029
CL,2006-Q1,25651.325
DE,2006-Q1,3000200.211
DK,2006-Q1,314964.043
ES,2006-Q1,483401.39
FI,2006-Q1,115622.125
FR,2006-Q1,2991668.3090000004
GB,2006-Q1,9199164.805
HK,2006-Q1,297657.75299999997
IE,2006-Q1,1425758.075
IT,2006-Q1,484534.473
JP,2006-Q1,1270406.868
NL,2006-Q1,1568439.559
SE,2006-Q1,445575.936
US,2006-Q1,5487433.332
AT,2006-Q2,267818.92799999996
AU,2006-Q2,722620.0499999999
BE,2006-Q2,1331269.618
BR,2006-Q2,81064.12
CA,2006-Q2,238978.908
CH,2006-Q2,2049309.583
CL,2006-Q2,19555.938
DE,2006-Q2,2965357.955
DK,2006-Q2,352126.35
ES,2006-Q2,429714.74
FI,2006-Q2,117687.763
FR,2006-Q2,3040164.713
GB,2006-Q2,8959431.976
HK,2006-Q2,325297.234
IE,2006-Q2,1626497.088
IT,2006-Q2,489554.361
JP,2006-Q2,1492222.425
NL,2006-Q2,1344845.675
SE,2006-Q2,450498.559
US,2006-Q2,6296178.299
AT,2006-Q3,273270.434
AU,2006-Q3,756403.638
BE,2006-Q3,1326830.216
BR,2006-Q3,92154.824
CA,2006-Q3,214614.309
CH,2006-Q3,2110706.916
CL,2006-Q3,17519.214
DE,2006-Q3,3012109.83
DK,2006-Q3,511151.9609999999
ES,2006-Q3,458834.001
FI,2006-Q3,91936.577
FR,2006-Q3,3486834.865
GB,2006-Q3,9039627.335
HK,2006-Q3,363482.296
IE,2006-Q3,1668345.371
IT,2006-Q3,555006.004
JP,2006-Q3,1316667.094
NL,2006-Q3,1499968.345
SE,2006-Q3,437756.542
US,2006-Q3,6044208.755
AT,2006-Q4,276704.06700000004
AU,2006-Q4,815703.701
BE,2006-Q4,1663997.136
BR,2006-Q4,109627.242
CA,2006-Q4,184051.121
CH,2006-Q4,1931004.962
CL,2006-Q4,21287.297
DE,2006-Q4,3040167.924
DK,2006-Q4,450385.581
ES,2006-Q4,500956.1839999999
FI,2006-Q4,171947.857
FR,2006-Q4,3481035.819
GB,2006-Q4,9397670.484
HK,2006-Q4,364841.773
IE,2006-Q4,1964090.107
IT,2006-Q4,573532.2189999999
JP,2006-Q4,1279235.513
NL,2006-Q4,1699693.781
SE,2006-Q4,426458.555
US,2006-Q4,6461750.363
AT,2007-Q1,295034.736
AU,2007-Q1,851545.9600000001
BE,2007-Q1,1598675.789
BR,2007-Q1,198307.406
CA,2007-Q1,236782.55
CH,2007-Q1,2937941.129
CL,2007-Q1,10230.328
DE,2007-Q1,3310809.708
DK,2007-Q1,407484.98
ES,2007-Q1,530110.331
FI,2007-Q1,159479.8
FR,2007-Q1,4268978.229
GB,2007-Q1,11728780.497
HK,2007-Q1,340651.16099999996
IE,2007-Q1,2045703.795
IT,2007-Q1,655678.6989999999
JP,2007-Q1,1220393.272
NL,2007-Q1,1900457.864
SE,2007-Q1,539809.691
US,2007-Q1,7232551.437
AT,2007-Q2,313852.19299999997
AU,2007-Q2,939317.819
BE,2007-Q2,1865207.078
BR,2007-Q2,196090.621
CA,2007-Q2,264185.63300000003
CH,2007-Q2,2364550.398
CL,2007-Q2,23970.032
DE,2007-Q2,3400725.737
DK,2007-Q2,391424.287
ES,2007-Q2,534827.2189999999
FI,2007-Q2,78062.272
FR,2007-Q2,4205748.184
GB,2007-Q2,11015663.05
HK,2007-Q2,413393.707
IE,2007-Q2,2197121.574
IT,2007-Q2,759188.745
JP,2007-Q2,1252728.76
NL,2007-Q2,1903522.36
SE,2007-Q2,433046.654
US,2007-Q2,7360134.039
AT,2007-Q3,631712.682
AU,2007-Q3,982621.02
BE,2007-Q3,1806813.342
BR,2007-Q3,245609.488
CA,2007-Q3,457286.416
CH,2007-Q3,2534356.763
CL,2007-Q3,18985.414
DE,2007-Q3,3742508.675
DK,2007-Q3,449373.398
ES,2007-Q3,543175.307
FI,2007-Q3,129459.135
FR,2007-Q3,6447828.36
GB,2007-Q3,12370161.912
HK,2007-Q3,452223.601
IE,2007-Q3,2251862.786
IT,2007-Q3,704311.796
JP,2007-Q3,1323785.441
NL,2007-Q3,2177449.9620000003
SE,2007-Q3,555256.646
US,2007-Q3,7130300.936
AT,2007-Q4,650230.573
AU,2007-Q4,1035419.694
BE,2007-Q4,2088782.807
BR,2007-Q4,174562.334
CA,2007-Q4,483492.638
CH,2007-Q4,3057280.871
CL,2007-Q4,19652.794
DE,2007-Q4,3408203.243
DK,2007-Q4,527143.182
ES,2007-Q4,709257.698
FI,2007-Q4,200224.941
FR,2007-Q4,5818850.274999999
GB,2007-Q4,12967951.055
HK,2007-Q4,532734.09
IE,2007-Q4,2413934.784
IT,2007-Q4,755809.8400000001
JP,2007-Q4,1420181.903
NL,2007-Q4,2213258.891
SE,2007-Q4,504157.037
US,2007-Q4,7664999.113
AT,2008-Q1,763578.625
AU,2008-Q1,1209511.441
BE,2008-Q1,2097472.806
BR,2008-Q1,269106.998
CA,2008-Q1,610033.936
CH,2008-Q1,2791067.481
CL,2008-Q1,30684.961
DE,2008-Q1,4339045.522
DK,2008-Q1,567535.325
ES,2008-Q1,847908.882
FI,2008-Q1,236983.124
FR,2008-Q1,6223945.410999999
GB,2008-Q1,14064503.735
HK,2008-Q1,511853.953
IE,2008-Q1,2751477.275
IT,2008-Q1,799828.766
JP,2008-Q1,1737174.412
NL,2008-Q1,2702272.081
SE,2008-Q1,638418.993
US,2008-Q1,8504468.412
AT,2008-Q2,816086.765
AU,2008-Q2,1258548.536
BE,2008-Q2,2321950.245
BR,2008-Q2,200491.212
CA,2008-Q2,464183.568
CH,2008-Q2,2157802.532
CL,2008-Q2,34519.488
DE,2008-Q2,3848366.49
DK,2008-Q2,603327.228
ES,2008-Q2,822406.063
FI,2008-Q2,271476.037
FR,2008-Q2,6039978.462
GB,2008-Q2,10898308.439
HK,2008-Q2,494533.704
IE,2008-Q2,2648947.907
IT,2008-Q2,877385.024
JP,2008-Q2,1365703.233
NL,2008-Q2,2455106.367
SE,2008-Q2,551364.266
US,2008-Q2,7123809.675
AT,2008-Q3,708665.725
AU,2008-Q3,943645.015
BE,2008-Q3,1743623.957
BR,2008-Q3,237737.735
CA,2008-Q3,498667.213
CH,2008-Q3,2347393.022
CL,2008-Q3,28735.073
DE,2008-Q3,3830373.647
DK,2008-Q3,506532.14
ES,2008-Q3,700710.461
FI,2008-Q3,231108.57
FR,2008-Q3,5536927.995
GB,2008-Q3,12043223.952
HK,2008-Q3,522262.23
IE,2008-Q3,2122081.706
IT,2008-Q3,763484.5730000001
JP,2008-Q3,1494880.754
NL,2008-Q3,2463329.6969999997
SE,2008-Q3,619637.061
US,2008-Q3,7068846.33
AT,2008-Q4,535858.765
AU,2008-Q4,993585.08
BE,2008-Q4,1099043.891
BR,2008-Q4,115800.306
CA,2008-Q4,503778.61
CH,2008-Q4,1849774.259
CL,2008-Q4,25239.057
DE,2008-Q4,2764704.849
DK,2008-Q4,376798.804
ES,2008-Q4,680801.416
FI,2008-Q4,160746.16700000002
FR,2008-Q4,4576212.0030000005
GB,2008-Q4,9190047.28
HK,2008-Q4,504159.128
IE,2008-Q4,1926715.577
IT,2008-Q4,868545.634
JP,2008-Q4,2115788.658
NL,2008-Q4,955380.286
SE,2008-Q4,583232.617
US,2008-Q4,7225454.585
AT,2009-Q1,614371.605
AU,2009-Q1,954487.591
BE,2009-Q1,1231120.202
BR,2009-Q1,133398.397
CA,2009-Q1,479307.635
CH,2009-Q1,1940473.538
CL,2009-Q1,14850.05
DE,2009-Q1,2997965.638
DK,2009-Q1,453318.294
ES,2009-Q1,689274.772
FI,2009-Q1,194016.288
FR,2009-Q1,4523373.212
GB,2009-Q1,9597424.082
HK,2009-Q1,464141.83
IE,2009-Q1,1635877.294
IT,2009-Q1,840036.61
JP,2009-Q1,1768411.091
NL,2009-Q1,1601263.208
SE,2009-Q1,523990.758
US,2009-Q1,6205048.773
AT,2009-Q2,592998.192
AU,2009-Q2,1050463.404
BE,2009-Q2,1318780.388
BR,2009-Q2,155101.845
CA,2009-Q2,471604.52
CH,2009-Q2,2018820.225
CL,2009-Q2,21451.292
DE,2009-Q2,3151521.41
DK,2009-Q2,413560.922
ES,2009-Q2,721996.356
FI,2009-Q2,191705.51
FR,2009-Q2,4796260.843
GB,2009-Q2,9316227.317
HK,2009-Q2,443533.232
IE,2009-Q2,2115030.001
IT,2009-Q2,825556.705
JP,2009-Q2,2053450.116
NL,2009-Q2,1639596.075
SE,2009-Q2,469013.186
US,2009-Q2,6115073.9059999995
AT,2009-Q3,629069.04
AU,2009-Q3,1161367.935
BE,2009-Q3,1259750.006
BR,2009-Q3,156967.696
CA,2009-Q3,506779.7
CH,2009-Q3,1698162.968
CL,2009-Q3,36913.208
DE,2009-Q3,2986862.724
DK,2009-Q3,397961.862
ES,2009-Q3,692119.945
FI,2009-Q3,180217.468
FR,2009-Q3,4811575.353999999
GB,2009-Q3,9268496.16
HK,2009-Q3,475726.774
IE,2009-Q3,2019936.828
IT,2009-Q3,782999.674
JP,2009-Q3,1982967.052
NL,2009-Q3,1664030.554
SE,2009-Q3,488993.466
US,2009-Q3,6976546.538
AT,2009-Q4,487027.259
AU,2009-Q4,1234924.221
BE,2009-Q4,1283701.255
BR,2009-Q4,126836.774
CA,2009-Q4,591896.917
CH,2009-Q4,1693917.862
CL,2009-Q4,37828.243
DE,2009-Q4,2879025.892
DK,2009-Q4,431745.144
ES,2009-Q4,727952.585
FI,2009-Q4,288224.074
FR,2009-Q4,4797216.268
GB,2009-Q4,9352760.135
HK,2009-Q4,525146.966
IE,2009-Q4,1654984.188
IT,2009-Q4,669109.368
JP,2009-Q4,1873683.277
NL,2009-Q4,1533367.179
SE,2009-Q4,490357.105
US,2009-Q4,6675275.455
AT,2010-Q1,535864.936
AU,2010-Q1,1197271.167
BE,2010-Q1,1073055.601
BR,2010-Q1,163885.051
CA,2010-Q1,590285.392
CH,2010-Q1,1678695.119
CL,2010-Q1,25040.604
DE,2010-Q1,3172339.104
DK,2010-Q1,480152.163
ES,2010-Q1,685375.413
FI,2010-Q1,183258.765
FR,2010-Q1,4935981.291999999
GB,2010-Q1,9657507.791
HK,2010-Q1,516821.947
IE,2010-Q1,1871204.88
IT,2010-Q1,752551.672
JP,2010-Q1,1839036.306
NL,2010-Q1,1672473.886
SE,2010-Q1,449057.908
US,2010-Q1,6939660.272
AT,2010-Q2,476057.481
AU,2010-Q2,1135645.082
BE,2010-Q2,1241430.161
BR,2010-Q2,199252.835
CA,2010-Q2,472141.57
CH,2010-Q2,1652290.45
CL,2010-Q2,23669.122
DE,2010-Q2,3206541.411
DK,2010-Q2,328530.615
ES,2010-Q2,538020.499
FI,2010-Q2,1066785.172
FR,2010-Q2,4164239.556
GB,2010-Q2,8973311.596
HK,2010-Q2,524791.983
IE,2010-Q2,1605315.936
IT,2010-Q2,681389.808
JP,2010-Q2,2185772.263
NL,2010-Q2,2337621.7460000003
SE,2010-Q2,543649.746
US,2010-Q2,6810466.027
AT,2010-Q3,625090.078
AU,2010-Q3,1272412.958
BE,2010-Q3,1210088.347
BR,2010-Q3,230565.41
CA,2010-Q3,580694.106
CH,2010-Q3,1644377.809
CL,2010-Q3,19710.603
DE,2010-Q3,3285409.713
DK,2010-Q3,562810.834
ES,2010-Q3,706576.076
FI,2010-Q3,672601.359
FR,2010-Q3,5273519.6729999995
GB,2010-Q3,9624458.142
HK,2010-Q3,609638.4829999999
IE,2010-Q3,1604796.711
IT,2010-Q3,838835.7
JP,2010-Q3,2570918.693
NL,2010-Q3,2358153.89
SE,2010-Q3,561564.82
US,2010-Q3,7187629.971
AT,2010-Q4,463028.515
AU,2010-Q4,1287908.328
BE,2010-Q4,1238421.589
BR,2010-Q4,216442.311
CA,2010-Q4,625857.935
CH,2010-Q4,1624063.039
CL,2010-Q4,34301.445
DE,2010-Q4,2983806.441
DK,2010-Q4,363282.291
ES,2010-Q4,679517.645
FI,2010-Q4,765363.245
FR,2010-Q4,4795331.925
GB,2010-Q4,9439603.965
HK,2010-Q4,644241.289
IE,2010-Q4,705562.0079999999
IT,2010-Q4,717192.26
JP,2010-Q4,2325950.258
NL,2010-Q4,1863143.139
SE,2010-Q4,452220.208
US,2010-Q4,7243825.695
AT,2011-Q1,584567.329
AU,2011-Q1,1308064.577
BE,2011-Q1,1130178.512
BR,2011-Q1,278483.888
CA,2011-Q1,619889.36
CH,2011-Q1,1528846.568
CL,2011-Q1,42591.906
DE,2011-Q1,3001178.006
DK,2011-Q1,383357.185
ES,2011-Q1,717086.621
FI,2011-Q1,822809.103
FR,2011-Q1,5231635.193
GB,2011-Q1,9625255.75
HK,2011-Q1,636824.099
IE,2011-Q1,985458.965
IT,2011-Q1,802427.333
JP,2011-Q1,2283973.835
NL,2011-Q1,2108412.049
SE,2011-Q1,618375.941
US,2011-Q1,8554331.191
AT,2011-Q2,549891.771
AU,2011-Q2,1544481.259
BE,2011-Q2,1184877.942
BR,2011-Q2,299769.835
CA,2011-Q2,643320.836
CH,2011-Q2,1717202.435
CL,2011-Q2,40159.471
DE,2011-Q2,2977877.202
DK,2011-Q2,379220.025
ES,2011-Q2,835609.846
FI,2011-Q2,804250.005
FR,2011-Q2,5368295.255
GB,2011-Q2,9673842.443
HK,2011-Q2,739570.382
IE,2011-Q2,998741.813
IT,2011-Q2,820268.078
JP,2011-Q2,2196369.744
NL,2011-Q2,2094347.217
SE,2011-Q2,534369.241
US,2011-Q2,7315613.727
AT,2011-Q3,556798.808
AU,2011-Q3,1499974.112
BE,2011-Q3,1453205.417
BR,2011-Q3,296973.696
CA,2011-Q3,580970.01
CH,2011-Q3,1859459.278
CL,2011-Q3,63979.698
DE,2011-Q3,3440041.512
DK,2011-Q3,419690.795
ES,2011-Q3,677190.425
FI,2011-Q3,1155623.69
FR,2011-Q3,4329523.02
GB,2011-Q3,11035208.407
HK,2011-Q3,755845.711
IE,2011-Q3,1039482.37
IT,2011-Q3,857785.157
JP,2011-Q3,2459874.8789999997
NL,2011-Q3,2641934.624
SE,2011-Q3,650118.429
US,2011-Q3,7851073.925
AT,2011-Q4,525435.012
AU,2011-Q4,1239266.779
BE,2011-Q4,1035384.261
BR,2011-Q4,273749.53599999996
CA,2011-Q4,658226.0279999999
CH,2011-Q4,1637936.398
CL,2011-Q4,37237.899
DE,2011-Q4,2478990.598
DK,2011-Q4,387560.293
ES,2011-Q4,569603.282
FI,2011-Q4,1044008.7
FR,2011-Q4,3945445.733
GB,2011-Q4,9824625.93
HK,2011-Q4,662975.298
IE,2011-Q4,895037.867
IT,2011-Q4,676049.424
JP,2011-Q4,2477392.368
NL,2011-Q4,1868825.406
SE,2011-Q4,632946.581
US,2011-Q4,7900567.56
AT,2012-Q1,537146.6
AU,2012-Q1,1402327.477
BE,2012-Q1,1012808.979
BR,2012-Q1,283940.158
CA,2012-Q1,533687.922
CH,2012-Q1,1586976.916
CL,2012-Q1,39077.458
DE,2012-Q1,4179432.788
DK,2012-Q1,488553.347
ES,2012-Q1,524536.286
FI,2012-Q1,1104567.711
FR,2012-Q1,4335964.348
GB,2012-Q1,10356780.496
HK,2012-Q1,742458.9299999999
IE,2012-Q1,841590.51
IT,2012-Q1,647735.4689999999
JP,2012-Q1,2513284.5530000003
NL,2012-Q1,2216958.87
SE,2012-Q1,664605.517
US,2012-Q1,7085878.933
AT,2012-Q2,528337.355
AU,2012-Q2,1454631.204
BE,2012-Q2,1089980.7589999998
BR,2012-Q2,287772.033
CA,2012-Q2,547310.6039999999
CH,2012-Q2,1670066.147
CL,2012-Q2,63002.573
DE,2012-Q2,4044749.92
DK,2012-Q2,490243.237
ES,2012-Q2,906628.996
FI,2012-Q2,1059280.832
FR,2012-Q2,3998600.504
GB,2012-Q2,9082970.192
HK,2012-Q2,717793.569
IE,2012-Q2,839169.563
IT,2012-Q2,775941.077
JP,2012-Q2,2622753.639
NL,2012-Q2,2086346.455
SE,2012-Q2,695996.536
US,2012-Q2,5883635.403
AT,2012-Q3,535637.5819999999
AU,2012-Q3,1425974.8760000002
BE,2012-Q3,1099377.5450000002
BR,2012-Q3,294177.07899999997
CA,2012-Q3,650706.56
CH,2012-Q3,1725158.994
CL,2012-Q3,72134.092
DE,2012-Q3,3570436.171
DK,2012-Q3,430619.89700000006
ES,2012-Q3,832583.892
FI,2012-Q3,1110864.284
FR,2012-Q3,4164616.227
GB,2012-Q3,9644848.686
HK,2012-Q3,663965.199
IE,2012-Q3,809152.407
IT,2012-Q3,683926.831
JP,2012-Q3,2720021.965
NL,2012-Q3,2057947.058
SE,2012-Q3,682624.375
US,2012-Q3,6826503.773
AT,2012-Q4,492584.057
AU,2012-Q4,1465437.489
BE,2012-Q4,949291.616
BR,2012-Q4,263329.091
CA,2012-Q4,704836.863
CH,2012-Q4,1493907.68
CL,2012-Q4,63063.326
DE,2012-Q4,3008260.909
DK,2012-Q4,419883.521
ES,2012-Q4,815562.238
FI,2012-Q4,809942.5020000001
FR,2012-Q4,4575664.658
GB,2012-Q4,9461360.353
HK,2012-Q4,759569.524
IE,2012-Q4,1023902.288
IT,2012-Q4,703430.832
JP,2012-Q4,2888818.839
NL,2012-Q4,2164414.437
SE,2012-Q4,504688.416
US,2012-Q4,6428135.858
AT,2013-Q1,487526.646
AU,2013-Q1,1508972.19
BE,2013-Q1,1132774.616
BR,2013-Q1,292516.359
CA,2013-Q1,577552.007
CH,2013-Q1,1663339.035
CL,2013-Q1,57412.691
DE,2013-Q1,3220468.5179999997
DK,2013-Q1,440574.721
ES,2013-Q1,1032630.853
FI,2013-Q1,759292.358
FR,2013-Q1,4403415.796
GB,2013-Q1,9097932.789
HK,2013-Q1,723841.38
IE,2013-Q1,823833.59
IT,2013-Q1,635310.846
JP,2013-Q1,2405159.535
NL,2013-Q1,1927530.541
SE,2013-Q1,605955.86
US,2013-Q1,7033334.58
AT,2013-Q2,491303.482
AU,2013-Q2,1507105.415
BE,2013-Q2,916150.691
BR,2013-Q2,303304.783
CA,2013-Q2,679229.283
CH,2013-Q2,1522102.6
CL,2013-Q2,57945.702
DE,2013-Q2,3187425.3260000004
DK,2013-Q2,406328.64
ES,2013-Q2,919399.48
FI,2013-Q2,720594.6599999999
FR,2013-Q2,4383315.854
GB,2013-Q2,8814437.162999999
HK,2013-Q2,757673.7019999999
IE,2013-Q2,838794.639
IT,2013-Q2,672852.862
JP,2013-Q2,2293452.742
NL,2013-Q2,1821147.056
SE,2013-Q2,487522.746
US,2013-Q2,7539892.137
AT,2013-Q3,479019.385
AU,2013-Q3,1228148.134
BE,2013-Q3,1173018.989
BR,2013-Q3,252576.398
CA,2013-Q3,630207.983
CH,2013-Q3,1850339.817
CL,2013-Q3,67715.617
DE,2013-Q3,3047194.253
DK,2013-Q3,420393.911
ES,2013-Q3,736247.959
FI,2013-Q3,814150.233
FR,2013-Q3,4630655.828
GB,2013-Q3,8453472.236
HK,2013-Q3,828537.049
IE,2013-Q3,792616.0210000001
IT,2013-Q3,647563.4469999999
JP,2013-Q3,2850744.962
NL,2013-Q3,1844666.146
SE,2013-Q3,575426.264
US,2013-Q3,6903334.526
AT,2013-Q4,457356.631
AU,2013-Q4,1386588.4630000002
BE,2013-Q4,968397.473
BR,2013-Q4,238681.877
CA,2013-Q4,726203.149
CH,2013-Q4,1811373.423
CL,2013-Q4,72018.669
DE,2013-Q4,2700550.171
DK,2013-Q4,726263.4450000001
ES,2013-Q4,811077.224
FI,2013-Q4,843592.567
FR,2013-Q4,4905342.647
GB,2013-Q4,8744358.246
HK,2013-Q4,891327.3670000001
IE,2013-Q4,939493.286
IT,2013-Q4,582026.522
JP,2013-Q4,2597311.051
NL,2013-Q4,1699941.342
SE,2013-Q4,470827.6
US,2013-Q4,7432026.391
AT,2014-Q1,509868.019
AU,2014-Q1,1459518.008
BE,2014-Q1,1069387.828
BR,2014-Q1,307223.858
CA,2014-Q1,720655.537
CH,2014-Q1,1688505.512
CL,2014-Q1,62966.706000000006
DE,2014-Q1,3137424.773
DK,2014-Q1,566241.41
ES,2014-Q1,864233.496
FI,2014-Q1,875262.716
FR,2014-Q1,5097396.692
GB,2014-Q1,10592324.112
HK,2014-Q1,955436.936
IE,2014-Q1,918202.054
IT,2014-Q1,613092.609
JP,2014-Q1,2659275.1720000003
NL,2014-Q1,2137974.41
SE,2014-Q1,624316.832
US,2014-Q1,7633268.011
AT,2014-Q2,471816.482
AU,2014-Q2,1514897.905
BE,2014-Q2,1196899.818
BR,2014-Q2,293258.875
CA,2014-Q2,722238.104
CH,2014-Q2,1647594.418
CL,2014-Q2,64769.182
DE,2014-Q2,3062689.856
DK,2014-Q2,530996.448
ES,2014-Q2,839421.492
FI,2014-Q2,947467.589
FR,2014-Q2,5019027.643
GB,2014-Q2,9930854.932
HK,2014-Q2,955006.691
IE,2014-Q2,932567.119
IT,2014-Q2,655518.22
JP,2014-Q2,2686498.373
NL,2014-Q2,1999530.931
SE,2014-Q2,582103.956
US,2014-Q2,7816078.669000001
AT,2014-Q3,422659.758
AU,2014-Q3,1436830.286
BE,2014-Q3,1121513.0769999998
BR,2014-Q3,319541.267
CA,2014-Q3,673488.414
CH,2014-Q3,1684115.12
CL,2014-Q3,61601.194
DE,2014-Q3,3033047.885
DK,2014-Q3,547910.588
ES,2014-Q3,849256.773
FI,2014-Q3,919316.183
FR,2014-Q3,4867101.929
GB,2014-Q3,9551102.508
HK,2014-Q3,910730.143
IE,2014-Q3,801748.9249999999
IT,2014-Q3,589287.98
JP,2014-Q3,2670294.749
NL,2014-Q3,1954460.322
SE,2014-Q3,560565.976
US,2014-Q3,7726190.936
AT,2014-Q4,361202.057
AU,2014-Q4,1679842.738
BE,2014-Q4,1201657.998
BR,2014-Q4,343505.152
CA,2014-Q4,991183.394
CH,2014-Q4,1607998.992
CL,2014-Q4,72380.332
DE,2014-Q4,2654126.784
DK,2014-Q4,502110.299
ES,2014-Q4,764528.205
FI,2014-Q4,839218.901
FR,2014-Q4,4544436.334
GB,2014-Q4,9091076.862
HK,2014-Q4,2150101.355
IE,2014-Q4,720293.659
IT,2014-Q4,1100970.998
JP,2014-Q4,2196190.274
NL,2014-Q4,2048657.871
SE,2014-Q4,531255.258
US,2014-Q4,7052356.4399999995
AT,2015-Q1,348975.889
AU,2015-Q1,1903582.596
BE,2015-Q1,1227534.419
BR,2015-Q1,333009.29099999997
CA,2015-Q1,820690.5700000001
CH,2015-Q1,1876363.433
CL,2015-Q1,62524.41
DE,2015-Q1,3055133.2120000003
DK,2015-Q1,563241.176
ES,2015-Q1,700720.248
FI,2015-Q1,951442.085
FR,2015-Q1,4586382.363
GB,2015-Q1,8937310.79
HK,2015-Q1,2103481.404
IE,2015-Q1,612984.966
IT,2015-Q1,1062765.938
JP,2015-Q1,2447268.1199999996
NL,2015-Q1,1910867.931
SE,2015-Q1,672415.713
US,2015-Q1,7308296.725000001
AT,2015-Q2,355713.386
AU,2015-Q2,1517757.217
BE,2015-Q2,909696.394
BR,2015-Q2,294389.859
CA,2015-Q2,698206.917
CH,2015-Q2,1653264.529
CL,2015-Q2,63448.279
DE,2015-Q2,2627989.765
DK,2015-Q2,301697.054
ES,2015-Q2,676122.4689999999
FI,2015-Q2,727065.39
FR,2015-Q2,4317731.311
GB,2015-Q2,8380084.629
HK,2015-Q2,2086573.782
IE,2015-Q2,636088.943
IT,2015-Q2,907946.822
JP,2015-Q2,2309698.739
NL,2015-Q2,1621910.435
SE,2015-Q2,460886.571
US,2015-Q2,6716339.942
AT,2015-Q3,335913.65400000004
AU,2015-Q3,2188534.8279999997
BE,2015-Q3,1087612.266
BR,2015-Q3,297219.287
CA,2015-Q3,816496.299
CH,2015-Q3,1638301.5310000002
CL,2015-Q3,71300.145
DE,2015-Q3,2719821.482
DK,2015-Q3,531721.719
ES,2015-Q3,773477.079
FI,2015-Q3,793917.8269999999
FR,2015-Q3,4334796.664
GB,2015-Q3,8449024.703
HK,2015-Q3,2007416.83
IE,2015-Q3,483658.334
IT,2015-Q3,930463.622
JP,2015-Q3,2478615.5799999996
NL,2015-Q3,1797533.767
SE,2015-Q3,531038.457
US,2015-Q3,7026407.591999999
AT,2015-Q4,328107.567
AU,2015-Q4,1547484.62
BE,2015-Q4,889429.5580000001
BR,2015-Q4,286259.233
CA,2015-Q4,862070.382
CH,2015-Q4,1965842.174
CL,2015-Q4,110129.016
DE,2015-Q4,2184294.853
DK,2015-Q4,334498.32300000003
ES,2015-Q4,615693.5939999999
FI,2015-Q4,591063.611
FR,2015-Q4,4030393.918
GB,2015-Q4,8206223.528
HK,2015-Q4,2003901.293
IE,2015-Q4,541643.5279999999
IT,2015-Q4,1130879.824
JP,2015-Q4,2432412.587
NL,2015-Q4,1717490.618
SE,2015-Q4,366029.606
US,2015-Q4,6355735.237
AT,2016-Q1,405005.073
AU,2016-Q1,1619749.691
BE,2016-Q1,1246131.752
BR,2016-Q1,270322.24199999997
CA,2016-Q1,788590.5430000001
CH,2016-Q1,1656511.779
CL,2016-Q1,705187.9450000001
DE,2016-Q1,2706569.799
DK,2016-Q1,593837.009
ES,2016-Q1,757464.0800000001
FI,2016-Q1,901747.787
FR,2016-Q1,4651233.053
GB,2016-Q1,8228113.443
HK,2016-Q1,2017363.114
IE,2016-Q1,578792.564
IT,2016-Q1,1098361.925
JP,2016-Q1,2850212.1089999997
NL,2016-Q1,2130240.145
SE,2016-Q1,570695.6900000001
US,2016-Q1,6689992.328
AT,2016-Q2,390801.357
AU,2016-Q2,1849752.651
BE,2016-Q2,1126777.182
BR,2016-Q2,262646.863
CA,2016-Q2,956960.643
CH,2016-Q2,1836798.364
CL,2016-Q2,3926559.351
DE,2016-Q2,2884047.094
DK,2016-Q2,540986.578
ES,2016-Q2,680147.828
FI,2016-Q2,755897.856
FR,2016-Q2,4742911.433
GB,2016-Q2,8678050.758
HK,2016-Q2,2191556.485
IE,2016-Q2,567782.8250000001
IT,2016-Q2,1061692.642
JP,2016-Q2,2804801.996
NL,2016-Q2,2174236.404
SE,2016-Q2,529450.039
US,2016-Q2,7314979.226
AT,2016-Q3,349900.325
AU,2016-Q3,1451979.332
BE,2016-Q3,1011813.779
BR,2016-Q3,297866.776
CA,2016-Q3,929208.909
CH,2016-Q3,1768176.472
CL,2016-Q3,121095.073
DE,2016-Q3,2724297.862
DK,2016-Q3,406084.944
ES,2016-Q3,612897.302
FI,2016-Q3,762822.614
FR,2016-Q3,4902532.038
GB,2016-Q3,8211547.252
HK,2016-Q3,2181087.676
IE,2016-Q3,741844.4160000001
IT,2016-Q3,966817.823
JP,2016-Q3,2664001.995
NL,2016-Q3,1897235.54
SE,2016-Q3,481791.632
US,2016-Q3,6624157.677
AT,2016-Q4,500996.744
AU,2016-Q4,1393403.441
BE,2016-Q4,889016.081
BR,2016-Q4,249780.995
CA,2016-Q4,971561.079
CH,2016-Q4,1782140.983
CL,2016-Q4,73867.231
DE,2016-Q4,2512705.493
DK,2016-Q4,389587.655
ES,2016-Q4,567912.7579999999
FI,2016-Q4,496343.93
FR,2016-Q4,4042651.899
GB,2016-Q4,7804906.055
HK,2016-Q4,2197391.7479999997
IE,2016-Q4,682164.436
IT,2016-Q4,935338.004
JP,2016-Q4,2782209.782
NL,2016-Q4,1462869.352
SE,2016-Q4,394825.906
US,2016-Q4,6470180.924000001
AT,2017-Q1,527916.383
AU,2017-Q1,1313211.1
BE,2017-Q1,950850.712
BR,2017-Q1,267000.38
CA,2017-Q1,912802.22
CH,2017-Q1,1629076.836
CL,2017-Q1,67680.537
DE,2017-Q1,3069662.666
DK,2017-Q1,546243.101
ES,2017-Q1,1090450.602
FI,2017-Q1,341251.384
FR,2017-Q1,4846110.542
GB,2017-Q1,8258465.643
HK,2017-Q1,2242692.3000000003
IE,2017-Q1,639661.675
IT,2017-Q1,905313.738
JP,2017-Q1,2499662.448
NL,2017-Q1,1755528.065
SE,2017-Q1,922714.675
US,2017-Q1,7080922.362
AT,2017-Q2,480862.247
AU,2017-Q2,1438061.796
BE,2017-Q2,1071527.883
BR,2017-Q2,247171.076
CA,2017-Q2,884524.969
CH,2017-Q2,1823902.4
CL,2017-Q2,150700.50400000002
DE,2017-Q2,2929282.754
DK,2017-Q2,428100.067
ES,2017-Q2,838384.5260000001
FI,2017-Q2,415473.313
FR,2017-Q2,4789712.109
GB,2017-Q2,8505253.372
HK,2017-Q2,2310201.902
IE,2017-Q2,728742.2050000001
IT,2017-Q2,972438.647
JP,2017-Q2,2617637.996
NL,2017-Q2,1663318.939
SE,2017-Q2,638727.043
US,2017-Q2,7184679.697
AT,2017-Q3,367965.9989999999
AU,2017-Q3,1386523.785
BE,2017-Q3,826632.6749999999
BR,2017-Q3,286030.937
CA,2017-Q3,908797.285
CH,2017-Q3,1740934.443
CL,2017-Q3,158524.062
DE,2017-Q3,3001310.47
DK,2017-Q3,420036.238
ES,2017-Q3,874247.213
FI,2017-Q3,533026.392
FR,2017-Q3,5179589.616
GB,2017-Q3,8920765.18
HK,2017-Q3,2293569.413
IE,2017-Q3,537745.839
IT,2017-Q3,999806.683
JP,2017-Q3,2775129.034
NL,2017-Q3,1632034.971
SE,2017-Q3,660209.983
US,2017-Q3,7126788.723999999
AT,2017-Q4,317445.662
AU,2017-Q4,1372441.869
BE,2017-Q4,882908.9990000001
BR,2017-Q4,240178.98
CA,2017-Q4,1105850.521
CH,2017-Q4,1701557.447
CL,2017-Q4,310783.875
DE,2017-Q4,2696530.142
DK,2017-Q4,475106.2109999999
ES,2017-Q4,922463.846
FI,2017-Q4,440759.888
FR,2017-Q4,4877124.045
GB,2017-Q4,9313058.831
HK,2017-Q4,2474071.933
IE,2017-Q4,520198.7869999999
IT,2017-Q4,976908.124
JP,2017-Q4,2442455.521
NL,2017-Q4,1538741.184
SE,2017-Q4,556473.3319999999
US,2017-Q4,6789494.987
AT,2018-Q1,475812.469
AU,2018-Q1,1454277.3720000002
BE,2018-Q1,873462.773
BR,2018-Q1,297111.544
CA,2018-Q1,1014974.357
CH,2018-Q1,1825184.715
CL,2018-Q1,158456.124
DE,2018-Q1,3172416.214
DK,2018-Q1,375146.638
ES,2018-Q1,911229.266
FI,2018-Q1,573562.185
FR,2018-Q1,6775882.152
GB,2018-Q1,9507671.477
HK,2018-Q1,2662405.6780000003
IE,2018-Q1,587587.188
IT,2018-Q1,1011210.202
JP,2018-Q1,2715237.263
NL,2018-Q1,1870335.073
SE,2018-Q1,741148.2000000001
US,2018-Q1,7096317.149
AT,2018-Q2,370892.318
AU,2018-Q2,1431282.434
BE,2018-Q2,851852.289
BR,2018-Q2,249934.779
CA,2018-Q2,1051132.013
CH,2018-Q2,1708375.984
CL,2018-Q2,87480.108
DE,2018-Q2,3007518.07
DK,2018-Q2,389634.721
ES,2018-Q2,869468.689
FI,2018-Q2,527392.7220000001
FR,2018-Q2,6163093.487000001
GB,2018-Q2,8561946.984000001
HK,2018-Q2,2614594.823
IE,2018-Q2,577057.013
IT,2018-Q2,1023702.401
JP,2018-Q2,2656757.786
NL,2018-Q2,1604488.402
SE,2018-Q2,721264.109
US,2018-Q2,6649498.16
AT,2018-Q3,378820.193
AU,2018-Q3,1309734.719
BE,2018-Q3,790637.8369999999
BR,2018-Q3,295435.759
CA,2018-Q3,1071906.724
CH,2018-Q3,1627765.61
CL,2018-Q3,82903.595
DE,2018-Q3,2981719.668
DK,2018-Q3,321887.986
ES,2018-Q3,957277.025
FI,2018-Q3,584721.055
FR,2018-Q3,6114214.717999999
GB,2018-Q3,8523048.332
HK,2018-Q3,2441941.215
IE,2018-Q3,612374.45
IT,2018-Q3,1039036.814
JP,2018-Q3,2842583.866
NL,2018-Q3,1566688.9370000002
SE,2018-Q3,567660.801
US,2018-Q3,6367716.836999999
AT,2018-Q4,364652.642
AU,2018-Q4,1495914.557
BE,2018-Q4,616032.855
BR,2018-Q4,318910.08
CA,2018-Q4,1215702.688
CH,2018-Q4,1738565.689
CL,2018-Q4,74771.534
DE,2018-Q4,2447872.215
DK,2018-Q4,368566.082
ES,2018-Q4,915277.99
FI,2018-Q4,980890.356
FR,2018-Q4,5730629.41
GB,2018-Q4,9046421.512
HK,2018-Q4,2616274.978
IE,2018-Q4,819195.571
IT,2018-Q4,1016344.546
JP,2018-Q4,2539141.465
NL,2018-Q4,1309077.292
SE,2018-Q4,598940.098
US,2018-Q4,7054960.838
AT,2019-Q1,434331.02
AU,2019-Q1,1413312.898
BE,2019-Q1,823280.731
BR,2019-Q1,340365.882
CA,2019-Q1,1022942.462
CH,2019-Q1,1715622.985
CL,2019-Q1,69297.454
DE,2019-Q1,3363423.637
DK,2019-Q1,503789.341
ES,2019-Q1,966478.769
FI,2019-Q1,979292.662
FR,2019-Q1,7049827.794
GB,2019-Q1,9124979.396
HK,2019-Q1,2346500.021
IE,2019-Q1,888273.469
IT,2019-Q1,1121130.349
JP,2019-Q1,2932205.511
NL,2019-Q1,1653386.813
SE,2019-Q1,469343.021
US,2019-Q1,6921106.823
AT,2019-Q2,404971.759
AU,2019-Q2,1518140.056
BE,2019-Q2,730651.529
BR,2019-Q2,357097.063
CA,2019-Q2,1259741.584
CH,2019-Q2,1679150.573
CL,2019-Q2,93318.664
DE,2019-Q2,3213504.051
DK,2019-Q2,576365.767
ES,2019-Q2,856618.774
FI,2019-Q2,866975.051
FR,2019-Q2,7163539.957
GB,2019-Q2,9002263.739
HK,2019-Q2,2461084.967
IE,2019-Q2,849721.936
IT,2019-Q2,1083145.128
JP,2019-Q2,2802752.181
NL,2019-Q2,1696803.1800000002
SE,2019-Q2,517740.865
US,2019-Q2,6720419.763
AT,2019-Q3,385532.377
AU,2019-Q3,1736604.661
BE,2019-Q3,838392.791
BR,2019-Q3,323134.286
CA,2019-Q3,1236422.826
CH,2019-Q3,1810410.053
CL,2019-Q3,97657.497
DE,2019-Q3,2980958.7199999997
DK,2019-Q3,542466.096
ES,2019-Q3,849903.133
FI,2019-Q3,908748.658
FR,2019-Q3,6809727.358
GB,2019-Q3,9207589.786
HK,2019-Q3,2488949.067
IE,2019-Q3,801520.699
IT,2019-Q3,1100781.524
JP,2019-Q3,2709754.0080000004
NL,2019-Q3,1776786.325
SE,2019-Q3,592174.0819999999
US,2019-Q3,7008660.032
AT,2019-Q4,409075.403
AU,2019-Q4,1401952.56
BE,2019-Q4,612401.494
BR,2019-Q4,308847.263
CA,2019-Q4,1506475.62
CH,2019-Q4,1857771.128
CL,2019-Q4,97308.852
DE,2019-Q4,2468757.914
DK,2019-Q4,368621.049
ES,2019-Q4,759043.115
FI,2019-Q4,669283.861
FR,2019-Q4,5964461.39
GB,2019-Q4,8833829.497
HK,2019-Q4,2468472.703
IE,2019-Q4,747615.502
IT,2019-Q4,999163.257
JP,2019-Q4,2695204.678
NL,2019-Q4,1329207.895
SE,2019-Q4,438962.207
US,2019-Q4,7040958.361
AT,2020-Q1,476446.931
AU,2020-Q1,1974830.474
BE,2020-Q1,838969.21
BR,2020-Q1,355950.673
CA,2020-Q1,1114612.199
CH,2020-Q1,2037216.695
CL,2020-Q1,122249.938
DE,2020-Q1,3525537.048
DK,2020-Q1,592322.073
ES,2020-Q1,1044729.147
FI,2020-Q1,921820.28
FR,2020-Q1,8042020.53
GB,2020-Q1,10468811.54
HK,2020-Q1,2838773.1040000003
IE,2020-Q1,925770.125
IT,2020-Q1,1075134.323
JP,2020-Q1,3350008.1969999997
NL,2020-Q1,1918860.861
SE,2020-Q1,586144.041
US,2020-Q1,9809683.98
AT,2020-Q2,418587.257
AU,2020-Q2,1649260.5620000002
BE,2020-Q2,671010.168
BR,2020-Q2,234809.613
CA,2020-Q2,1316458.078
CH,2020-Q2,1939788.12
CL,2020-Q2,95061.676
DE,2020-Q2,3254822.869
DK,2020-Q2,558605.349
ES,2020-Q2,838435.171
FI,2020-Q2,770457.841
FR,2020-Q2,6701650.632999999
GB,2020-Q2,8696008.565
HK,2020-Q2,2497941.941
IE,2020-Q2,792903.249
IT,2020-Q2,1022441.515
JP,2020-Q2,2944892.846
NL,2020-Q2,1693245.882
SE,2020-Q2,492533.253
US,2020-Q2,7210159.204
AT,2020-Q3,442797.331
AU,2020-Q3,1487878.027
BE,2020-Q3,748577.359
BR,2020-Q3,305164.484
CA,2020-Q3,1838470.743
CH,2020-Q3,2003507.413
CL,2020-Q3,75325.194
DE,2020-Q3,3355345.988
DK,2020-Q3,578443.235
ES,2020-Q3,805824.0
FI,2020-Q3,874944.525
FR,2020-Q3,11747172.574
GB,2020-Q3,9714169.597
HK,2020-Q3,2678700.5379999997
IE,2020-Q3,801059.641
IT,2020-Q3,1295311.35
JP,2020-Q3,3148235.0549999997
NL,2020-Q3,1779313.403
SE,2020-Q3,530522.8979999999
US,2020-Q3,7502717.037
AT,2020-Q4,441327.339
AU,2020-Q4,1801660.244
BE,2020-Q4,697280.032
BR,2020-Q4,287750.834
CA,2020-Q4,2137734.964
CH,2020-Q4,1959759.516
CL,2020-Q4,82126.656
DE,2020-Q4,3047129.692
DK,2020-Q4,574023.521
ES,2020-Q4,740692.591
FI,2020-Q4,756183.737
FR,2020-Q4,9779547.565
GB,2020-Q4,10554519.514
HK,2020-Q4,2837480.8959999997
IE,2020-Q4,1022952.506
IT,2020-Q4,1307191.969
JP,2020-Q4,2773598.195
NL,2020-Q4,1647798.308
SE,2020-Q4,492887.096
US,2020-Q4,7761972.833
AT,2021-Q1,431071.983
AU,2021-Q1,1316305.776
BE,2021-Q1,789243.442
BR,2021-Q1,266145.029
CA,2021-Q1,1611111.037
CH,2021-Q1,1999023.979
CL,2021-Q1,74677.3
DE,2021-Q1,4362505.856
DK,2021-Q1,517946.819
ES,2021-Q1,786898.99
FI,2021-Q1,927396.762
FR,2021-Q1,9987743.948
GB,2021-Q1,10412449.918
HK,2021-Q1,2637157.046
IE,2021-Q1,939017.432
IT,2021-Q1,980939.655
JP,2021-Q1,2982752.856
NL,2021-Q1,2023495.695
SE,2021-Q1,586859.763
US,2021-Q1,8244103.107
AT,2021-Q2,409305.917
AU,2021-Q2,1383708.331
BE,2021-Q2,869888.755
BR,2021-Q2,263483.292
CA,2021-Q2,1769669.302
CH,2021-Q2,1938700.316
CL,2021-Q2,84903.56300000001
DE,2021-Q2,3905845.95
DK,2021-Q2,503439.055
ES,2021-Q2,734196.188
FI,2021-Q2,894005.749
FR,2021-Q2,9655773.285
GB,2021-Q2,9978846.661
HK,2021-Q2,2827445.532
IE,2021-Q2,901270.677
IT,2021-Q2,1103625.484
JP,2021-Q2,2784463.138
NL,2021-Q2,1732977.108
SE,2021-Q2,557932.688
US,2021-Q2,8497381.836
AT,2021-Q3,443280.167
AU,2021-Q3,1358819.825
BE,2021-Q3,683281.244
BR,2021-Q3,288764.495
CA,2021-Q3,1711019.514
CH,2021-Q3,1948447.085
CL,2021-Q3,130462.558
DE,2021-Q3,3783165.921
DK,2021-Q3,458635.12
ES,2021-Q3,833026.564
FI,2021-Q3,920625.26
FR,2021-Q3,9768401.442
GB,2021-Q3,10107686.062
HK,2021-Q3,2865727.88
IE,2021-Q3,910326.385
IT,2021-Q3,1192516.07
JP,2021-Q3,2875597.027
NL,2021-Q3,1948184.767
SE,2021-Q3,543763.881
US,2021-Q3,8703070.34
AT,2021-Q4,368267.668
AU,2021-Q4,1561727.93
BE,2021-Q4,642519.511
BR,2021-Q4,268866.113
CA,2021-Q4,2161004.305
CH,2021-Q4,2032038.461
CL,2021-Q4,103510.48
DE,2021-Q4,5294258.936
DK,2021-Q4,454396.503
ES,2021-Q4,708850.399
FI,2021-Q4,537111.578
FR,2021-Q4,8964921.69
GB,2021-Q4,10627306.605
HK,2021-Q4,2716629.562
IE,2021-Q4,687126.361
IT,2021-Q4,1106847.751
JP,2021-Q4,2713821.7849999997
NL,2021-Q4,1564971.724
SE,2021-Q4,425726.893
US,2021-Q4,8651367.725
AT,2022-Q1,449539.916
AU,2022-Q1,1767436.188
BE,2022-Q1,914674.826
BR,2022-Q1,332381.503
CA,2022-Q1,1803904.235
CH,2022-Q1,2168663.401
CL,2022-Q1,167699.839
DE,2022-Q1,6990484.301
DK,2022-Q1,536410.207
ES,2022-Q1,898740.914
FI,2022-Q1,1019178.883
FR,2022-Q1,10414043.096
GB,2022-Q1,10937477.825
HK,2022-Q1,2835856.655
IE,2022-Q1,995649.392
IT,2022-Q1,1252145.184
JP,2022-Q1,3043632.282
NL,2022-Q1,2136339.803
SE,2022-Q1,813913.8929999999
US,2022-Q1,9614720.695
AT,2022-Q2,452952.596
AU,2022-Q2,1734665.224
BE,2022-Q2,965968.199
BR,2022-Q2,318585.957
CA,2022-Q2,2048101.78
CH,2022-Q2,1982462.917
CL,2022-Q2,145094.565
DE,2022-Q2,6413035.865
DK,2022-Q2,610813.513
ES,2022-Q2,985314.049
FI,2022-Q2,837029.851
FR,2022-Q2,9289075.712
GB,2022-Q2,10388617.775
HK,2022-Q2,2831308.9499999997
IE,2022-Q2,821058.899
IT,2022-Q2,1172368.147
JP,2022-Q2,2982770.838
NL,2022-Q2,2202539.157
SE,2022-Q2,909646.673
US,2022-Q2,8879176.014
AT,2022-Q3,484119.096
AU,2022-Q3,1860033.411
BE,2022-Q3,938171.584
BR,2022-Q3,291099.432
CA,2022-Q3,2287854.777
CH,2022-Q3,2106985.875
CL,2022-Q3,133089.749
DE,2022-Q3,6852762.4520000005
DK,2022-Q3,564589.431
ES,2022-Q3,977770.948
FI,2022-Q3,836757.9230000001
FR,2022-Q3,9738743.117
GB,2022-Q3,9829582.277
HK,2022-Q3,3004341.102
IE,2022-Q3,1060799.775
IT,2022-Q3,1280802.341
JP,2022-Q3,3086837.989
NL,2022-Q3,2278884.33
SE,2022-Q3,1099884.106
US,2022-Q3,9078374.532
AT,2022-Q4,432160.681
AU,2022-Q4,1562679.4619999998
BE,2022-Q4,921322.555
BR,2022-Q4,275937.267
CA,2022-Q4,1850664.75
CH,2022-Q4,1927058.75
CL,2022-Q4,108712.454
DE,2022-Q4,5419410.493
DK,2022-Q4,509017.341
ES,2022-Q4,964685.175
FI,2022-Q4,659892.978
FR,2022-Q4,9196619.46
GB,2022-Q4,9427476.121
HK,2022-Q4,2573952.339
IE,2022-Q4,834194.117
IT,2022-Q4,1163271.178
JP,2022-Q4,2867456.7950000004
NL,2022-Q4,2301147.2610000004
SE,2022-Q4,625440.131
US,2022-Q4,8827727.538999999
AT,2023-Q1,543920.101
AU,2023-Q1,1433754.815
BE,2023-Q1,1082161.032
BR,2023-Q1,663974.751
CA,2023-Q1,1992783.337
CH,2023-Q1,1716271.38
CL,2023-Q1,135797.127
DE,2023-Q1,6235441.151000001
DK,2023-Q1,534078.256
ES,2023-Q1,1241466.921
FI,2023-Q1,896181.164
FR,2023-Q1,10982803.421
GB,2023-Q1,10053034.028
HK,2023-Q1,2548131.388
IE,2023-Q1,937160.515
IT,2023-Q1,1288655.35
JP,2023-Q1,3046622.557
NL,2023-Q1,2331164.825
SE,2023-Q1,107087.253
US,2023-Q1,9284185.095
AT,2023-Q2,660752.396
AU,2023-Q2,1585138.486
BE,2023-Q2,1151159.818
BR,2023-Q2,1047454.738
CA,2023-Q2,2255120.813
CH,2023-Q2,1957638.773
CL,2023-Q2,172365.367
DE,2023-Q2,6395930.567
DK,2023-Q2,541240.312
ES,2023-Q2,1292426.838
FI,2023-Q2,876019.514
FR,2023-Q2,10939452.073
GB,2023-Q2,9860637.859
HK,2023-Q2,2822260.695
IE,2023-Q2,1012104.462
IT,2023-Q2,1484497.4
JP,2023-Q2,3011221.051
NL,2023-Q2,2406877.258
SE,2023-Q2,1116271.965
US,2023-Q2,8887723.623
AT,2023-Q3,673717.427
AU,2023-Q3,1649350.285
BE,2023-Q3,1118496.286
BR,2023-Q3,464791.285
CA,2023-Q3,2347670.58
CH,2023-Q3,2030929.394
CL,2023-Q3,195794.981
DE,2023-Q3,6511588.195
DK,2023-Q3,544487.367
ES,2023-Q3,1197234.0890000002
FI,2023-Q3,724405.883
FR,2023-Q3,11329446.908
GB,2023-Q3,9894101.464
HK,2023-Q3,2792531.691
IE,2023-Q3,960984.097
IT,2023-Q3,1437336.017
JP,2023-Q3,3369311.047
NL,2023-Q3,2477202.647
SE,2023-Q3,1057499.113
US,2023-Q3,9830109.905
AT,2023-Q4,568118.568
AU,2023-Q4,1574849.884
BE,2023-Q4,1046640.86
BR,2023-Q4,313825.114
CA,2023-Q4,2784352.509
CH,2023-Q4,1986375.642
CL,2023-Q4,188491.054
DE,2023-Q4,5117927.612000001
DK,2023-Q4,521921.298
ES,2023-Q4,1238221.079
FI,2023-Q4,733174.662
FR,2023-Q4,11678223.925
GB,2023-Q4,10257617.577
HK,2023-Q4,2564851.4
IE,2023-Q4,785495.487
IT,2023-Q4,1255548.66
JP,2023-Q4,2801894.1500000004
NL,2023-Q4,1746529.34
SE,2023-Q4,821843.125
US,2023-Q4,9298276.524
AT,2024-Q1,743299.561
AU,2024-Q1,1309472.552
BE,2024-Q1,1357248.325
BR,2024-Q1,624471.355
CA,2024-Q1,2144285.5700000003
CH,2024-Q1,2081528.735
CL,2024-Q1,245311.229
DE,2024-Q1,6322351.109
DK,2024-Q1,547404.708
ES,2024-Q1,1111423.708
FI,2024-Q1,785149.2019999999
FR,2024-Q1,12023117.069
GB,2024-Q1,10694722.794
HK,2024-Q1,2640567.207
IE,2024-Q1,1015654.021
IT,2024-Q1,1392462.431
JP,2024-Q1,3249949.389
NL,2024-Q1,2194030.07
SE,2024-Q1,1169304.392
US,2024-Q1,9523709.882
