"Date","Price","Open","High","Low","Change %"
"11/01/2024","2.367","2.436","2.466","2.307","-2.59%"
"10/01/2024","2.430","2.157","2.485","2.047","12.14%"
"09/01/2024","2.167","2.394","2.499","2.148","-10.23%"
"08/01/2024","2.414","2.460","2.503","2.228","-3.82%"
"07/01/2024","2.510","2.770","2.871","2.472","-10.13%"
"06/01/2024","2.793","2.900","3.010","2.633","-5.29%"
"05/01/2024","2.949","2.791","2.960","2.638","3.26%"
"04/01/2024","2.856","2.612","2.914","2.567","10.70%"
"03/01/2024","2.580","2.653","2.697","2.447","-2.75%"
"02/01/2024","2.653","2.314","2.741","2.281","14.65%"
"01/01/2024","2.314","2.214","2.551","2.130","6.20%"
"12/01/2023","2.179","2.677","2.690","2.066","-19.33%"
"11/01/2023","2.701","3.042","3.048","2.595","-10.71%"
"10/01/2023","3.025","3.152","3.248","2.961","-3.63%"
"09/01/2023","3.139","2.820","3.283","2.769","12.27%"
"08/01/2023","2.796","2.829","3.082","2.735","-2.65%"
"07/01/2023","2.872","2.865","3.108","2.715","-0.45%"
"06/01/2023","2.885","2.652","2.980","2.571","9.78%"
"05/01/2023","2.628","2.737","2.888","2.427","1.43%"
"04/01/2023","2.591","2.674","2.853","2.437","-2.26%"
"03/01/2023","2.651","3.089","3.197","2.268","-11.34%"
"02/01/2023","2.990","2.579","3.078","2.305","15.89%"
"01/01/2023","2.580","2.844","2.847","2.242","-10.17%"
"12/01/2022","2.872","2.123","2.884","2.005","30.96%"
"11/01/2022","2.193","2.205","2.515","2.092","-2.58%"
"10/01/2022","2.251","2.257","2.608","1.858","0.67%"
"09/01/2022","2.236","1.739","2.525","1.560","30.84%"
"08/01/2022","1.709","0.833","1.730","0.704","115.24%"
"07/01/2022","0.794","1.331","1.455","0.778","-39.53%"
"06/01/2022","1.313","1.048","2.061","1.002","27.11%"
"05/01/2022","1.033","0.886","1.128","0.653","23.42%"
"04/01/2022","0.837","0.634","0.978","0.583","45.82%"
"03/01/2022","0.574","0.103","0.797","-0.171","382.35%"
"02/01/2022","0.119","0.004","0.371","-0.035","-950.00%"
"01/01/2022","-0.014","-0.231","0.025","-0.328","-93.52%"
"12/01/2021","-0.216","-0.452","-0.216","-0.476","-51.13%"
"11/01/2021","-0.442","-0.250","-0.225","-0.514","91.34%"
"10/01/2021","-0.231","-0.440","-0.216","-0.480","-45.00%"
"09/01/2021","-0.420","-0.514","-0.380","-0.539","-20.00%"
"08/01/2021","-0.525","-0.577","-0.466","-0.631","-7.89%"
"07/01/2021","-0.570","-0.380","-0.364","-0.587","51.60%"
"06/01/2021","-0.376","-0.363","-0.316","-0.428","3.87%"
"05/01/2021","-0.362","-0.389","-0.248","-0.415","-2.16%"
"04/01/2021","-0.370","-0.452","-0.363","-0.491","-19.74%"
"03/01/2021","-0.461","-0.398","-0.396","-0.520","22.28%"
"02/01/2021","-0.377","-0.588","-0.302","-0.591","-31.45%"
"01/01/2021","-0.550","-0.611","-0.495","-0.633","-1.98%"
"12/01/2020","-0.561","-0.592","-0.524","-0.659","-1.34%"
"11/01/2020","-0.569","-0.621","-0.526","-0.651","-5.91%"
"10/01/2020","-0.604","-0.517","-0.506","-0.630","17.98%"
"09/01/2020","-0.512","-0.447","-0.428","-0.545","21.00%"
"08/01/2020","-0.423","-0.485","-0.422","-0.529","-11.37%"
"07/01/2020","-0.478","-0.389","-0.343","-0.511","19.66%"
"06/01/2020","-0.399","-0.223","-0.172","-0.426","79.58%"
"05/01/2020","-0.222","-0.226","-0.135","-0.241","-3.68%"
"04/01/2020","-0.231","-0.142","0.073","-0.259","141.68%"
"03/01/2020","-0.095","-0.421","0.241","-0.520","-76.76%"
"02/01/2020","-0.411","-0.389","-0.331","-0.440","4.05%"
"01/01/2020","-0.395","-0.307","-0.296","-0.456","36.03%"
"12/01/2019","-0.290","-0.326","-0.290","-0.429","-16.44%"
"11/01/2019","-0.347","-0.394","-0.279","-0.399","-11.51%"
"10/01/2019","-0.393","-0.456","-0.324","-0.481","-15.53%"
"09/01/2019","-0.465","-0.545","-0.382","-0.565","-15.20%"
"08/01/2019","-0.548","-0.385","-0.378","-0.593","39.08%"
"07/01/2019","-0.394","-0.387","-0.282","-0.463","0.00%"
"06/01/2019","-0.394","-0.250","-0.228","-0.401","56.42%"
"05/01/2019","-0.252","-0.132","-0.132","-0.254","68.14%"
"04/01/2019","-0.150","-0.094","-0.058","-0.177","26.97%"
"03/01/2019","-0.118","0.053","0.068","-0.137","-342.09%"
"02/01/2019","0.049","0.062","0.115","0.011","-22.94%"
"01/01/2019","0.063","-0.104","0.115","-0.169","-195.76%"
"12/01/2018","-0.066","-0.048","0.049","-0.113","1.54%"
"11/01/2018","-0.065","-0.023","0.097","-0.072","160.00%"
"10/01/2018","-0.025","0.024","0.121","-0.045","-204.17%"
"09/01/2018","0.024","-0.067","0.097","-0.081","-129.63%"
"08/01/2018","-0.081","-0.027","0.030","-0.129","107.69%"
"07/01/2018","-0.039","-0.136","-0.014","-0.147","-70.45%"
"06/01/2018","-0.132","0.031","0.113","-0.169","355.17%"
"05/01/2018","-0.029","0.080","0.146","-0.082","-150.00%"
"04/01/2018","0.058","0.026","0.145","-0.009","176.19%"
"03/01/2018","0.021","0.140","0.201","0.006","-84.78%"
"02/01/2018","0.138","0.223","0.251","0.093","-31.68%"
"01/01/2018","0.202","0.067","0.258","0.009","119.57%"
"12/01/2017","0.092","-0.066","0.105","-0.166","-217.95%"
"11/01/2017","-0.078","-0.081","0.038","-0.122","4.00%"
"10/01/2017","-0.075","-0.123","0.032","-0.166","-50.23%"
"09/01/2017","-0.151","-0.154","-0.087","-0.219","-9.98%"
"08/01/2017","-0.167","-0.001","0.001","-0.177","675.00%"
"07/01/2017","-0.022","0.010","0.250","-0.039","-437.50%"
"06/01/2017","0.006","-0.123","0.029","-0.212","-104.79%"
"05/01/2017","-0.133","0.004","0.006","-0.143","304.55%"
"04/01/2017","-0.033","0.061","0.092","-0.054","-162.38%"
"03/01/2017","0.053","-0.022","0.207","-0.047","-204.13%"
"02/01/2017","-0.051","0.166","0.200","-0.055","-135.57%"
"01/01/2017","0.143","-0.089","0.202","-0.099","-219.70%"
"12/01/2016","-0.119","-0.021","0.165","-0.146","544.86%"
"11/01/2016","-0.019","-0.046","0.208","-0.105","-73.61%"
"10/01/2016","-0.070","-0.201","-0.039","-0.245","-69.02%"
"09/01/2016","-0.226","-0.134","-0.080","-0.258","60.95%"
"08/01/2016","-0.141","-0.269","-0.086","-0.347","-50.77%"
"07/01/2016","-0.286","-0.187","-0.185","-0.318","56.07%"
"06/01/2016","-0.183","-0.075","0.110","-0.191","169.12%"
"05/01/2016","-0.068","0.021","0.044","-0.073","-320.78%"
"04/01/2016","0.031","0.016","0.100","-0.025","88.96%"
"03/01/2016","0.016","-0.006","0.116","-0.065","-231.45%"
"02/01/2016","-0.012","-0.044","0.104","-0.049","-62.99%"
"01/01/2016","-0.034","0.134","0.143","-0.038","-122.24%"
"12/01/2015","0.151","0.048","0.229","-0.011","356.36%"
"11/01/2015","0.033","0.209","0.250","0.013","-82.99%"
"10/01/2015","0.194","0.259","0.261","0.086","-24.81%"
"09/01/2015","0.258","0.431","0.474","0.254","-42.15%"
"08/01/2015","0.446","0.329","0.454","0.255","38.08%"
"07/01/2015","0.323","0.647","0.667","0.323","-50.15%"
"06/01/2015","0.648","0.459","0.796","0.459","54.29%"
"05/01/2015","0.420","0.269","0.685","0.266","32.49%"
"04/01/2015","0.317","0.242","0.330","0.094","34.89%"
"03/01/2015","0.235","0.312","0.370","0.207","-22.44%"
"02/01/2015","0.303","0.502","0.563","0.297","-40.82%"
"01/01/2015","0.512","0.419","0.702","0.364","26.11%"
"12/01/2014","0.406","0.416","0.478","0.396","-4.92%"
"11/01/2014","0.427","0.565","0.647","0.408","-25.35%"
"10/01/2014","0.572","0.460","0.696","0.421","23.54%"
"09/01/2014","0.463","0.616","0.663","0.416","-27.66%"
"08/01/2014","0.640","0.833","0.903","0.548","-23.08%"
"07/01/2014","0.832","0.898","0.941","0.781","-7.35%"
"06/01/2014","0.898","1.155","1.209","0.885","-26.57%"
"05/01/2014","1.223","1.368","1.528","1.218","-8.53%"
"04/01/2014","1.337","1.660","1.683","1.320","-18.97%"
"03/01/2014","1.650","1.513","1.734","1.415","9.20%"
"02/01/2014","1.511","1.739","1.742","1.492","-12.71%"
"01/01/2014","1.731","2.078","2.094","1.625","-17.45%"
"12/01/2013","2.097","2.218","2.240","2.053","-4.85%"
"11/01/2013","2.204","2.418","2.521","2.181","-9.82%"
"10/01/2013","2.444","2.865","2.867","2.431","-14.72%"
"09/01/2013","2.866","2.862","2.921","2.513","1.09%"
"08/01/2013","2.835","2.599","2.865","2.575","8.70%"
"07/01/2013","2.608","2.868","2.910","2.512","-10.29%"
"06/01/2013","2.907","2.416","3.094","2.402","23.18%"
"05/01/2013","2.360","2.336","2.496","2.086","1.33%"
"04/01/2013","2.329","2.908","2.942","2.214","-20.16%"
"03/01/2013","2.917","2.773","3.006","2.712","2.39%"
"02/01/2013","2.849","3.092","3.129","2.679","-7.62%"
"01/01/2013","3.084","3.317","3.445","2.982","-9.61%"
"12/01/2012","3.412","3.190","3.644","3.064","5.90%"
"11/01/2012","3.222","3.588","3.691","3.167","-10.23%"
"10/01/2012","3.589","3.928","3.971","3.318","-7.50%"
"09/01/2012","3.880","4.676","4.881","3.500","-15.52%"
"08/01/2012","4.593","5.080","5.222","4.511","-9.85%"
"07/01/2012","5.095","5.494","5.650","5.028","-3.61%"
"06/01/2012","5.286","7.516","7.520","5.225","-29.47%"
"05/01/2012","7.495","5.342","7.700","5.335","39.23%"
"04/01/2012","5.383","5.214","5.605","5.207","2.47%"
"03/01/2012","5.253","5.288","5.449","5.141","-0.53%"
"02/01/2012","5.281","5.921","5.976","4.896","-10.39%"
"01/01/2012","5.893","7.769","8.110","5.830","-24.35%"
"12/01/2011","7.790","8.952","11.053","7.688","-19.05%"
"11/01/2011","9.623","7.886","10.226","7.886","21.49%"
"10/01/2011","7.921","6.847","8.328","6.603","16.42%"
"09/01/2011","6.804","8.072","8.861","6.703","-15.49%"
"08/01/2011","8.051","12.168","12.168","8.023","-32.31%"
"07/01/2011","11.894","13.413","18.266","11.506","-12.12%"
"06/01/2011","13.534","12.064","14.877","11.215","11.27%"
"05/01/2011","12.163","12.092","12.857","11.462","0.20%"
"04/01/2011","12.139","11.043","12.474","9.251","9.62%"
"03/01/2011","11.074","9.153","11.085","9.136","21.09%"
"02/01/2011","9.145","8.022","9.288","7.339","16.60%"
"01/01/2011","7.843","7.561","8.170","7.098","3.57%"
"12/01/2010","7.573","8.526","8.579","6.698","-12.00%"
"11/01/2010","8.606","5.335","9.276","5.335","59.52%"
"10/01/2010","5.395","5.524","5.571","4.267","0.00%"
"09/01/2010","5.395","4.394","6.080","4.091","24.48%"
"08/01/2010","4.334","3.422","4.528","3.120","32.66%"
"07/01/2010","3.267","4.148","4.254","3.121","-18.10%"
"06/01/2010","3.989","3.284","4.237","3.172","21.17%"
"05/01/2010","3.292","4.026","6.578","3.000","-11.91%"
"04/01/2010","3.737","2.749","4.920","2.706","29.94%"
"03/01/2010","2.876","3.000","3.061","2.738","-3.68%"
"02/01/2010","2.986","3.404","3.597","2.839","-12.61%"
"01/01/2010","3.417","3.405","3.489","2.984","2.31%"
"12/01/2009","3.340","3.299","3.650","3.120","0.72%"
"11/01/2009","3.316","3.144","3.401","3.012","5.57%"
"10/01/2009","3.141","3.189","3.367","3.069","1.13%"
"09/01/2009","3.106","3.351","3.463","3.061","-7.20%"
"08/01/2009","3.347","3.446","3.721","3.305","-2.62%"
"07/01/2009","3.437","3.983","4.059","3.407","-13.97%"
"06/01/2009","3.995","4.119","4.440","3.980","-2.42%"
"05/01/2009","4.094","4.139","4.231","3.819","-1.54%"
"04/01/2009","4.158","4.523","4.545","4.097","-8.21%"
"03/01/2009","4.530","4.804","5.159","4.377","-5.80%"
"02/01/2009","4.809","4.733","4.881","4.309","2.02%"
"01/01/2009","4.714","3.625","5.235","3.544","33.13%"
"12/01/2008","3.541","3.597","4.032","3.375","-0.78%"
"11/01/2008","3.569","3.941","4.168","3.419","-9.37%"
"10/01/2008","3.938","4.102","4.301","3.670","-4.81%"
"09/01/2008","4.137","4.322","4.515","3.918","-5.03%"
"08/01/2008","4.356","4.513","4.586","4.100","-3.24%"
"07/01/2008","4.502","4.911","5.028","4.496","-7.90%"
"06/01/2008","4.888","4.480","5.033","4.351","8.89%"
"05/01/2008","4.489","4.146","4.533","3.969","8.93%"
"04/01/2008","4.121","3.849","4.291","3.797","6.82%"
"03/01/2008","3.858","3.532","3.942","3.413","9.04%"
"02/01/2008","3.538","3.730","3.815","3.481","-5.10%"
"01/01/2008","3.728","4.246","4.267","3.510","-12.12%"
"12/01/2007","4.242","4.079","4.309","3.935","3.64%"
"11/01/2007","4.093","4.234","4.334","3.864","-3.22%"
"10/01/2007","4.229","4.147","4.259","4.111","42.87%"
"12/01/2005","2.960","2.897","2.960","2.843","0.61%"
"11/01/2005","2.942","2.846","3.017","2.846","3.92%"
"10/01/2005","2.831","2.831","2.831","2.831","21.61%"
"06/01/2005","2.328","2.347","2.387","2.347","-6.28%"
"05/01/2005","2.484","2.651","2.651","2.589","-5.84%"
"04/01/2005","2.638","2.787","2.787","2.787","-8.97%"
"03/01/2005","2.898","2.993","3.034","2.880","-3.14%"
"02/01/2005","2.992","2.839","3.006","2.782","5.58%"
"01/01/2005","2.834","2.900","2.940","2.812","-3.54%"
"12/01/2004","2.938","2.920","3.015","2.775","-0.54%"
"11/01/2004","2.954","3.089","3.151","2.929","-4.22%"
"10/01/2004","3.084","3.147","3.155","3.141","-5.08%"
"09/01/2004","3.249","3.266","3.266","3.266","-31.37%"
"02/01/1998","4.734","4.734","4.734","4.734","91.54%"